plant_id,plant_alias,month,month_num,Q_m3,E_kWh_m3,E_source,E_N2O_kgCO2eq,E_N2O_kgCO2eq_m3,E_CH4_kgCO2eq,E_CH4_kgCO2eq_m3,E_direct_kgCO2eq,E_direct_kgCO2eq_m3,data_source_ghg,E_electricity_kWh,E_electricity_kgCO2eq,E_electricity_kgCO2eq_m3,EF_electricity_used,data_source_elec,E_ferric_kgCO2eq,E_carbon_source_kgCO2eq,E_polymer_kgCO2eq,E_chemicals_kgCO2eq,E_chemicals_kgCO2eq_m3,sludge_tDS,E_sludge_kgCO2eq,E_sludge_kgCO2eq_m3,sludge_route,E_total_kgCO2eq,E_total_kgCO2eq_m3,frac_N2O,frac_CH4,frac_electricity,frac_chemicals,frac_sludge,note
plt_ac8d6ca3,P001,1月,1,6883900.0,0.6142660000000001,[估算-回归],324851.241,0.047189999999999996,192.06080999999998,2.7899999999999997e-05,325043.30181,0.04721789999999999,[仿真-Python-AAO-default],4228545.7174,2456785.0618094,0.35688854600000003,0.581,[真实活动数据],60234.12499999999,0.0,15144.580000000002,75378.70499999999,0.010949999999999998,0.69773489425,313.9807024125,4.5610875000000006e-05,landfill,2857521.0493218126,0.415102056875,0.11368288645751123,6.721238678034676e-05,0.8597609674275117,0.02637905502669523,0.00010987870150143544,Direct GHG: [仿真-Python-AAO-default]. Indirect: [真实活动数据]/[估算].
plt_ac8d6ca3,P001,2月,2,5336900.000000001,0.599778,[估算-回归],251848.31100000002,0.047189999999999996,148.89951000000002,2.7899999999999997e-05,251997.21051,0.04721789999999999,[仿真-Python-AAO-default],3200955.2082000007,1859754.9759642002,0.34847101799999997,0.581,[真实活动数据],46697.87500000001,0.0,11741.180000000004,58439.05500000001,0.01095,0.5336900000000002,240.1605000000001,4.500000000000001e-05,landfill,2170431.4019742007,0.4066839180000001,0.1160360612046626,6.860364712036632e-05,0.8568595967937929,0.026925087310681408,0.00011065104374252636,Direct GHG: [仿真-Python-AAO-default]. Indirect: [真实活动数据]/[估算].
plt_ac8d6ca3,P001,3月,3,7783200.000000001,0.592634,[估算-回归],367289.208,0.047189999999999996,217.15128,2.7899999999999997e-05,367506.35928,0.04721789999999999,[仿真-Python-AAO-default],4612588.9488,2679914.1792528,0.34432035399999994,0.581,[真实活动数据],68103.0,0.0,17123.040000000005,85226.04000000001,0.01095,0.7783200000000001,350.244,4.4999999999999996e-05,landfill,3132996.8225328,0.40253325399999995,0.1172325504317216,6.931104380260719e-05,0.8553836250259215,0.0272027214924211,0.0001117920061332374,Direct GHG: [仿真-Python-AAO-default]. Indirect: [真实活动数据]/[估算].
plt_ac8d6ca3,P001,4月,4,8190200.0,0.571014,[估算-回归],386495.53799999994,0.047189999999999996,228.50657999999999,2.7899999999999997e-05,386724.0445799999,0.04721789999999999,[仿真-Python-AAO-default],4676718.8628,2717173.6592868,0.33175913399999996,0.581,[真实活动数据],71664.25,0.0,18018.440000000002,89682.69,0.01095,0.8190200000000001,368.559,4.5e-05,landfill,3193948.9528667997,0.38997203399999997,0.12100867725299501,7.154359176432636e-05,0.8507254497126325,0.028078936552665728,0.0001153928899424619,Direct GHG: [仿真-Python-AAO-default]. Indirect: [真实活动数据]/[估算].
plt_ac8d6ca3,P001,5月,5,8961400.0,0.551632,[估算-回归],422888.46599999996,0.047189999999999996,250.02306,2.7899999999999997e-05,423138.48905999993,0.04721789999999999,[仿真-Python-AAO-default],4943395.0048,2872112.4977888,0.320498192,0.581,[真实活动数据],78412.25,0.0,19715.08,98127.33,0.01095,0.8961399999999999,403.263,4.4999999999999996e-05,landfill,3393781.5798488,0.37871109199999997,0.12460685994378004,7.36709343596411e-05,0.8462867836994856,0.028913861334697852,0.00011882408767684048,Direct GHG: [仿真-Python-AAO-default]. Indirect: [真实活动数据]/[估算].
plt_ac8d6ca3,P001,6月,6,9978300.0,0.425362,[估算-回归],470875.97699999996,0.047189999999999996,278.39457,2.7899999999999997e-05,471154.37156999996,0.04721789999999999,[仿真-Python-AAO-default],4244389.6446,2465990.3835126,0.247135322,0.581,[真实活动数据],87310.125,0.0,21952.260000000006,109262.38500000001,0.010950000000000001,0.99783,449.0235,4.5e-05,landfill,3046856.1635825997,0.30534822199999995,0.15454486582862761,9.137109041361964e-05,0.8093556935792474,0.03586069677523782,0.00014737272647358008,Direct GHG: [仿真-Python-AAO-default]. Indirect: [真实活动数据]/[估算].
plt_38cce14f,P002,1月,1,7018200.000000001,0.579544,[估算-回归],331188.858,0.047189999999999996,195.80778,2.7899999999999997e-05,331384.66578,0.04721789999999999,[仿真-Python-AAO-default],4067355.7008,2363133.6621648,0.33671506399999995,0.581,[真实活动数据],61409.25000000001,0.0,15440.040000000003,76849.29000000001,0.01095,0.7018200000000001,315.8190000000001,4.5e-05,landfill,2771683.4369448,0.39492796399999996,0.11949014580289383,7.064579503921885e-05,0.8525986880989769,0.027726575472381595,0.00011394483070841752,Direct GHG: [仿真-Python-AAO-default]. Indirect: [真实活动数据]/[估算].
plt_38cce14f,P002,2月,2,5495500.0,0.516876,[估算-回归],259332.645,0.047189999999999996,153.32444999999998,2.7899999999999997e-05,259485.96944999998,0.04721789999999999,[仿真-Python-AAO-default],2840492.058,1650325.885698,0.300304956,0.581,[真实活动数据],48085.625,0.0,12090.1,60175.725,0.01095,0.5495500000000001,247.29750000000007,4.500000000000001e-05,landfill,1970234.8776480001,0.358517856,0.13162524323474697,7.782039174082307e-05,0.8376290078003813,0.03054241181225852,0.0001255167608722953,Direct GHG: [仿真-Python-AAO-default]. Indirect: [真实活动数据]/[估算].
plt_38cce14f,P002,3月,3,6986100.0,0.53457,[估算-回归],329674.05899999995,0.047189999999999996,194.91218999999998,2.7899999999999997e-05,329868.97118999995,0.04721789999999999,[仿真-Python-AAO-default],3734559.477,2169779.0561369997,0.31058516999999997,0.581,[真实活动数据],61128.37499999999,0.0,15369.420000000002,76497.795,0.01095,0.6986100000000001,314.37450000000007,4.500000000000001e-05,landfill,2576460.1968269995,0.3687980699999999,0.1279562010723104,7.565115511586057e-05,0.8421550850306783,0.029691044749773233,0.00012201799212235578,Direct GHG: [仿真-Python-AAO-default]. Indirect: [真实活动数据]/[估算].
plt_38cce14f,P002,4月,4,6856300.0,0.512462,[估算-回归],323548.79699999996,0.047189999999999996,191.29076999999998,2.7899999999999997e-05,323740.08777,0.0472179,[仿真-Python-AAO-default],3513593.2106,2041397.6553585997,0.29774042199999995,0.581,[真实活动数据],59992.62499999999,0.0,15083.860000000002,75076.485,0.01095,0.68563,308.5335,4.5e-05,landfill,2440522.7616285994,0.3559533219999999,0.13257356255267652,7.838106368340061e-05,0.8364591748352893,0.030762460477893792,0.00012642107045709777,Direct GHG: [仿真-Python-AAO-default]. Indirect: [真实活动数据]/[估算].
plt_38cce14f,P002,5月,5,8003400.0,0.4737680000000001,[估算-回归],377680.44599999994,0.047189999999999996,223.29485999999997,2.7899999999999997e-05,377903.74085999996,0.04721789999999999,[仿真-Python-AAO-default],3791754.811200001,2203009.5453072004,0.27525920800000003,0.581,[真实活动数据],70029.75,0.0,17607.480000000003,87637.23000000001,0.010950000000000001,0.80034,360.1530000000001,4.500000000000001e-05,landfill,2668910.6691672,0.333472108,0.1415110855388241,8.366516818252157e-05,0.8254339760253653,0.0328363294479789,0.00013494381964922837,Direct GHG: [仿真-Python-AAO-default]. Indirect: [真实活动数据]/[估算].
plt_38cce14f,P002,6月,6,8989600.0,0.423402,[估算-回归],424219.224,0.047189999999999996,250.80983999999998,2.7899999999999997e-05,424470.03384,0.0472179,[仿真-Python-AAO-default],3806214.6192,2211410.6937551997,0.24599656199999997,0.581,[真实活动数据],78659.0,0.0,19777.120000000003,98436.12,0.01095,0.89896,404.532,4.4999999999999996e-05,landfill,2734721.3795952,0.304209462,0.15512338008736887,9.171312363716024e-05,0.8086420467749946,0.035994935621036006,0.00014792439296316167,Direct GHG: [仿真-Python-AAO-default]. Indirect: [真实活动数据]/[估算].
plt_53671971,P003,1月,1,17614400.0,0.47146600000000005,[估算-回归],831223.536,0.047189999999999996,491.44175999999993,2.7899999999999997e-05,831714.9777599999,0.04721789999999999,[仿真-Python-AAO-default],8304590.710400001,4824967.202742401,0.273921746,0.581,[真实活动数据],154126.0,0.0,38751.68000000001,192877.68,0.01095,1.7614400000000001,792.648,4.5e-05,landfill,5850352.5085024005,0.33213464600000003,0.14208093183991408,8.40020766758551e-05,0.8247310218880327,0.03296855697493239,0.0001354872204449276,Direct GHG: [仿真-Python-AAO-default]. Indirect: [真实活动数据]/[估算].
plt_53671971,P003,2月,2,12278900.000000002,0.42025199999999996,[估算-回归],579441.2910000001,0.047189999999999996,342.58131000000003,2.7899999999999997e-05,579783.8723100001,0.0472179,[仿真-Python-AAO-default],5160232.2828,2998094.9563068,0.24416641199999994,0.581,[真实活动数据],107440.37500000001,0.0,27013.580000000005,134453.95500000002,0.01095,1.2278900000000004,552.5505000000002,4.500000000000001e-05,landfill,3712885.3341167998,0.30237931199999996,0.156062263942184,9.226821707961292e-05,0.8074838532604374,0.03621279487533195,0.00014881970496711765,Direct GHG: [仿真-Python-AAO-default]. Indirect: [真实活动数据]/[估算].
plt_53671971,P003,3月,3,18776900.0,0.416106,[估算-回归],886081.911,0.047189999999999996,523.87551,2.7899999999999997e-05,886605.78651,0.0472179,[仿真-Python-AAO-default],7813180.7513999995,4539458.0165634,0.241757586,0.581,[真实活动数据],164297.875,0.0,41309.18000000001,205607.055,0.01095,1.87769,844.9605,4.5e-05,landfill,5632515.818573399,0.299970486,0.15731547669659743,9.300915024020063e-05,0.805937908171406,0.03650359122330455,0.00015001475845193653,Direct GHG: [仿真-Python-AAO-default]. Indirect: [真实活动数据]/[估算].
plt_53671971,P003,4月,4,17826900.0,0.440976,[估算-回归],841251.411,0.047189999999999996,497.37050999999997,2.7899999999999997e-05,841748.78151,0.0472179,[仿真-Python-AAO-default],7861235.0544,4567377.5666064,0.256207056,0.581,[真实活动数据],155985.375,0.0,39219.18000000001,195204.555,0.01095,1.78269,802.2105,4.5e-05,landfill,5605133.1136163995,0.31441995599999994,0.1500858934030256,8.873482572461146e-05,0.8148562173324647,0.03482603375213245,0.00014312068665259912,Direct GHG: [仿真-Python-AAO-default]. Indirect: [真实活动数据]/[估算].
plt_53671971,P003,5月,5,21595900.0,0.45595600000000003,[估算-回归],1019110.521,0.047189999999999996,602.5256099999999,2.7899999999999997e-05,1019713.04661,0.0472179,[仿真-Python-AAO-default],9846780.1804,5720979.2848124,0.264910436,0.581,[真实活动数据],188964.125,0.0,47510.98000000001,236475.105,0.01095,2.15959,971.8155,4.5e-05,landfill,6978139.2519224,0.323123336,0.14604330527213918,8.634473865422086e-05,0.8198430954550433,0.033887988826656584,0.00013926570750680788,Direct GHG: [仿真-Python-AAO-default]. Indirect: [真实活动数据]/[估算].
plt_53671971,P003,6月,6,23273000.0,0.434476,[估算-回归],1098252.8699999999,0.047189999999999996,649.3167,2.7899999999999997e-05,1098902.1867,0.0472179,[仿真-Python-AAO-default],10111559.947999999,5874816.329787999,0.252430556,0.581,[真实活动数据],203638.75,0.0,51200.600000000006,254839.35,0.01095,2.3273,1047.285,4.5e-05,landfill,7229605.151487999,0.31064345599999993,0.15191049123532802,8.981357714485382e-05,0.8126054198933456,0.03524941468588349,0.00014486060829815134,Direct GHG: [仿真-Python-AAO-default]. Indirect: [真实活动数据]/[估算].
plt_7f964d50,P004,1月,1,1782900.0,0.581964,[估算-回归],84135.05099999999,0.047189999999999996,49.742909999999995,2.7899999999999997e-05,84184.79391,0.04721789999999999,[仿真-Python-AAO-default],1037583.6156,602836.0806636,0.338121084,0.581,[真实活动数据],15600.374999999998,0.0,3922.3800000000006,19522.754999999997,0.010949999999999998,0.17829000000000003,80.2305,4.5e-05,landfill,706623.8600736,0.396333984,0.11906624691563164,7.039517459093288e-05,0.8531216036220604,0.027628213683538173,0.00011354060417892401,Direct GHG: [仿真-Python-AAO-default]. Indirect: [真实活动数据]/[估算].
plt_7f964d50,P004,2月,2,1204600.0,0.543488,[估算-回归],56845.07399999999,0.047189999999999996,33.60834,2.7899999999999997e-05,56878.68233999999,0.04721789999999999,[仿真-Python-AAO-default],654685.6448,380372.35962879995,0.31576652799999994,0.581,[真实活动数据],10540.25,0.0,2650.1200000000003,13190.37,0.010950000000000001,0.12046000000000001,54.20700000000001,4.500000000000001e-05,landfill,450495.61896879994,0.37397942799999995,0.12618341135063718,7.460303404710272e-05,0.8443419727354629,0.02927968540558333,0.00012032747426952055,Direct GHG: [仿真-Python-AAO-default]. Indirect: [真实活动数据]/[估算].
plt_7f964d50,P004,3月,3,1841900.0,0.553266,[估算-回归],86919.261,0.047189999999999996,51.38900999999999,2.7899999999999997e-05,86970.65001,0.0472179,[仿真-Python-AAO-default],1019060.6454,592074.2349773999,0.321447546,0.581,[真实活动数据],16116.624999999998,0.0,4052.1800000000007,20168.805,0.01095,0.18419,82.88550000000001,4.5e-05,landfill,699296.5754873999,0.379660446,0.12429527620583368,7.348671765507013e-05,0.8466711488823357,0.0288415612302157,0.00011852696395979055,Direct GHG: [仿真-Python-AAO-default]. Indirect: [真实活动数据]/[估算].
plt_7f964d50,P004,4月,4,2008800.0,0.52205,[估算-回归],94795.272,0.047189999999999996,56.045519999999996,2.7899999999999997e-05,94851.31752,0.0472179,[仿真-Python-AAO-default],1048694.04,609291.2372399999,0.30331104999999997,0.581,[真实活动数据],17577.0,0.0,4419.360000000001,21996.36,0.01095,0.20088,90.396,4.5e-05,landfill,726229.3107599999,0.3615239499999999,0.1305307711978695,7.717331037127693e-05,0.8389791326411431,0.03028844976937213,0.00012447308124399506,Direct GHG: [仿真-Python-AAO-default]. Indirect: [真实活动数据]/[估算].
plt_7f964d50,P004,5月,5,2477000.0,0.45368600000000003,[估算-回归],116889.62999999999,0.047189999999999996,69.1083,2.7899999999999997e-05,116958.7383,0.0472179,[仿真-Python-AAO-default],1123780.222,652916.308982,0.263591566,0.581,[真实活动数据],21673.75,0.0,5449.400000000001,27123.15,0.010950000000000001,0.2477,111.465,4.5e-05,landfill,797109.662282,0.32180446599999996,0.1466418430625509,8.669861032941663e-05,0.819104747912355,0.034026873946491475,0.00013983646827325262,Direct GHG: [仿真-Python-AAO-default]. Indirect: [真实活动数据]/[估算].
plt_7f964d50,P004,6月,6,2888800.0,0.39661,[估算-回归],136322.47199999998,0.047189999999999996,80.59751999999999,2.7899999999999997e-05,136403.06952,0.04721789999999999,[仿真-Python-AAO-default],1145726.968,665667.368408,0.23043041,0.581,[真实活动数据],25277.0,0.0,6355.360000000001,31632.36,0.01095,0.28887999999999997,129.996,4.5e-05,landfill,833832.793928,0.28864331,0.1634889788368904,9.665909111144823e-05,0.7983223654135617,0.03793609489857915,0.0001559017598571746,Direct GHG: [仿真-Python-AAO-default]. Indirect: [真实活动数据]/[估算].
plt_5c399d08,P005,1月,1,1088100.0,0.536158,[估算-回归],51347.439,0.047189999999999996,30.357989999999997,2.7899999999999997e-05,51377.796989999995,0.04721789999999999,[仿真-Python-AAO-default],583393.5198,338951.6350038,0.311507798,0.581,[真实活动数据],9520.875,0.0,2393.82,11914.695,0.01095,0.10881,48.9645,4.5e-05,landfill,402293.0914938,0.369720698,0.12763688983406604,7.546236970481971e-05,0.8425489827458889,0.02961695155081634,0.00012171349952390277,Direct GHG: [仿真-Python-AAO-default]. Indirect: [真实活动数据]/[估算].
plt_5c399d08,P005,2月,2,755400.0000000001,0.50135,[估算-回归],35647.326,0.047189999999999996,21.075660000000003,2.7899999999999997e-05,35668.40166,0.0472179,[仿真-Python-AAO-default],378719.79000000004,220036.19799000002,0.29128434999999997,0.581,[真实活动数据],6609.750000000001,0.0,1661.8800000000003,8271.630000000001,0.01095,0.07554000000000002,33.99300000000001,4.5e-05,landfill,264010.22265,0.34949725,0.13502252163643633,7.98289543050768e-05,0.8334381744062365,0.03133071862511079,0.0001287563779114142,Direct GHG: [仿真-Python-AAO-default]. Indirect: [真实活动数据]/[估算].
plt_5c399d08,P005,3月,3,1201200.0,0.46225200000000005,[估算-回归],56684.628,0.047189999999999996,33.513479999999994,2.7899999999999997e-05,56718.14148,0.0472179,[仿真-Python-AAO-default],555257.1024000001,322604.3764944,0.26856841200000003,0.581,[真实活动数据],10510.5,0.0,2642.6400000000003,13153.14,0.01095,0.12012,54.054,4.5e-05,landfill,392529.71197440004,0.32678131200000005,0.14440850277264322,8.537819935064093e-05,0.8218597641226191,0.033508648132240804,0.0001377067731461951,Direct GHG: [仿真-Python-AAO-default]. Indirect: [真实活动数据]/[估算].
plt_5c399d08,P005,4月,4,1368200.0,0.457586,[估算-回归],64565.35799999999,0.047189999999999996,38.172779999999996,2.7899999999999997e-05,64603.530779999994,0.04721789999999999,[仿真-Python-AAO-default],626069.1652,363746.18498120003,0.26585746600000004,0.581,[真实活动数据],11971.75,0.0,3010.0400000000004,14981.79,0.010950000000000001,0.13682,61.568999999999996,4.4999999999999996e-05,landfill,443393.0747612,0.324070366,0.14561652329543762,8.609241364574506e-05,0.8203695675154699,0.03378895804376016,0.00013885873168668558,Direct GHG: [仿真-Python-AAO-default]. Indirect: [真实活动数据]/[估算].
plt_5c399d08,P005,5月,5,1859100.0,0.350244,[估算-回归],87730.92899999999,0.047189999999999996,51.86888999999999,2.7899999999999997e-05,87782.79788999999,0.04721789999999999,[仿真-Python-AAO-default],651138.6204,378311.5384524,0.20349176400000002,0.581,[真实活动数据],16267.124999999998,0.0,4090.0200000000004,20357.144999999997,0.010949999999999998,0.18591,83.6595,4.4999999999999996e-05,landfill,486535.1408424,0.26170466400000003,0.18031776460812327,0.00010660872287702139,0.7775626192126252,0.0418410579033471,0.00017194955302745384,Direct GHG: [仿真-Python-AAO-default]. Indirect: [真实活动数据]/[估算].
plt_5c399d08,P005,6月,6,2468900.0,0.29079200000000005,[估算-回归],116507.39099999999,0.047189999999999996,68.88230999999999,2.7899999999999997e-05,116576.27330999999,0.04721789999999999,[仿真-Python-AAO-default],717936.3688000002,417121.03027280007,0.16895015200000002,0.581,[真实活动数据],21602.875,0.0,5431.580000000001,27034.455,0.010950000000000001,0.24689000000000003,111.10050000000003,4.500000000000001e-05,landfill,560842.8590828,0.227163052,0.20773624753025416,0.00012281926904204472,0.7437395760997261,0.048203261505748746,0.00019809559522910447,Direct GHG: [仿真-Python-AAO-default]. Indirect: [真实活动数据]/[估算].
plt_e79eff6d,P006,1月,1,2870800.0,0.589784,[估算-回归],135473.052,0.047189999999999996,80.09531999999999,2.7899999999999997e-05,135553.14732,0.04721789999999999,[仿真-Python-AAO-default],1693151.9072,983721.2580832,0.342664504,0.581,[真实活动数据],25119.5,0.0,6315.760000000001,31435.260000000002,0.010950000000000001,0.28708000000000006,129.18600000000004,4.500000000000001e-05,landfill,1150838.8514032,0.40087740400000005,0.11771678705043699,6.959733754412357e-05,0.8547862777518884,0.027315084089897967,0.00011225377023245743,Direct GHG: [仿真-Python-AAO-default]. Indirect: [真实活动数据]/[估算].
plt_e79eff6d,P006,2月,2,2135200.0,0.494408,[估算-回归],100760.08799999999,0.047189999999999996,59.57207999999999,2.7899999999999997e-05,100819.66007999999,0.04721789999999999,[仿真-Python-AAO-default],1055659.9616,613338.4376895999,0.28725104799999995,0.581,[真实活动数据],18683.0,0.0,4697.44,23380.44,0.01095,0.21352000000000002,96.084,4.5e-05,landfill,737634.6217695998,0.3454639479999999,0.13659891364409465,8.076095975143549e-05,0.831493560074755,0.031696505708896726,0.00013025961250231533,Direct GHG: [仿真-Python-AAO-default]. Indirect: [真实活动数据]/[估算].
plt_e79eff6d,P006,3月,3,2894800.0,0.499378,[估算-回归],136605.612,0.047189999999999996,80.76491999999999,2.7899999999999997e-05,136686.37691999998,0.04721789999999999,[仿真-Python-AAO-default],1445599.4344,839893.2713863999,0.29013861799999996,0.581,[真实活动数据],25329.5,0.0,6368.560000000001,31698.06,0.01095,0.28948,130.26600000000002,4.500000000000001e-05,landfill,1008407.9743063998,0.3483515179999999,0.13546661220520362,8.009151261973258e-05,0.8328903507175186,0.031433765705593975,0.00012917985906408483,Direct GHG: [仿真-Python-AAO-default]. Indirect: [真实活动数据]/[估算].
plt_e79eff6d,P006,4月,4,3039700.0000000005,0.469822,[估算-回归],143443.443,0.047189999999999996,84.80763,2.7899999999999997e-05,143528.25063,0.04721789999999999,[仿真-Python-AAO-default],1428117.9334000002,829736.5193054001,0.272966582,0.581,[真实活动数据],26597.375000000004,0.0,6687.340000000002,33284.715000000004,0.01095,0.3039700000000001,136.78650000000005,4.500000000000001e-05,landfill,1006686.2714354001,0.33117948199999997,0.14249071142637995,8.424434941292649e-05,0.8242255237297581,0.03306364251152492,0.00013587798292407502,Direct GHG: [仿真-Python-AAO-default]. Indirect: [真实活动数据]/[估算].
plt_e79eff6d,P006,5月,5,3253399.9999999995,0.424626,[估算-回归],153527.94599999997,0.047189999999999996,90.76985999999998,2.7899999999999997e-05,153618.71585999997,0.0472179,[仿真-Python-AAO-default],1381478.2284,802638.8507003998,0.246707706,0.581,[真实活动数据],28467.25,0.0,7157.48,35624.729999999996,0.01095,0.32533999999999996,146.403,4.5e-05,landfill,992028.6995603999,0.304920606,0.15476159718769547,9.149922783506471e-05,0.8090883369161348,0.03591098726860067,0.00014757939973397536,Direct GHG: [仿真-Python-AAO-default]. Indirect: [真实活动数据]/[估算].
plt_e79eff6d,P006,6月,6,3346000.0,0.381984,[估算-回归],157897.74,0.047189999999999996,93.3534,2.7899999999999997e-05,157991.09339999998,0.04721789999999999,[仿真-Python-AAO-default],1278118.464,742586.827584,0.22193270399999998,0.581,[真实活动数据],29277.499999999996,0.0,7361.200000000001,36638.7,0.01095,0.3346,150.57000000000002,4.500000000000001e-05,landfill,937367.1909839999,0.28014560399999994,0.16844811885750668,9.959106836457803e-05,0.7922048421648623,0.03908681715383976,0.00016063075542673878,Direct GHG: [仿真-Python-AAO-default]. Indirect: [真实活动数据]/[估算].
plt_be1c9ecd,P007,1月,1,7420000.0,0.541058,[估算-回归],350149.8,0.047189999999999996,207.01799999999997,2.7899999999999997e-05,350356.81799999997,0.04721789999999999,[仿真-Python-AAO-default],4014650.3600000003,2332511.85916,0.314354698,0.581,[真实活动数据],64924.99999999999,0.0,16324.000000000002,81249.0,0.01095,0.742,333.90000000000003,4.5e-05,landfill,2764451.57716,0.372567598,0.1266615783372552,7.488573925851704e-05,0.8437521128716083,0.029390639601460995,0.000120783450416963,Direct GHG: [仿真-Python-AAO-default]. Indirect: [真实活动数据]/[估算].
plt_be1c9ecd,P007,2月,2,6545500.0,0.44109000000000004,[估算-回归],308882.14499999996,0.047189999999999996,182.61944999999997,2.7899999999999997e-05,309064.76444999996,0.04721789999999999,[仿真-Python-AAO-default],2887154.595,1677436.819695,0.25627329,0.581,[真实活动数据],57273.125,0.0,14400.1,71673.225,0.010950000000000001,0.6545500000000001,294.5475,4.5e-05,landfill,2058469.3566450002,0.31448619,0.1500542837826996,8.871613726504172e-05,0.8148952105019301,0.03481869903412929,0.00014309054397587377,Direct GHG: [仿真-Python-AAO-default]. Indirect: [真实活动数据]/[估算].
plt_be1c9ecd,P007,3月,3,8122600.0,0.46190000000000003,[估算-回归],383305.49399999995,0.047189999999999996,226.62053999999998,2.7899999999999997e-05,383532.1145399999,0.04721789999999999,[仿真-Python-AAO-default],3751828.9400000004,2179812.61414,0.26836390000000004,0.581,[真实活动数据],71072.75,0.0,17869.72,88942.47,0.01095,0.81226,365.517,4.5e-05,landfill,2652652.7156800004,0.32657680000000006,0.1444989356255557,8.543166569088801e-05,0.8217482074660539,0.03352963223352057,0.00013779300917885162,Direct GHG: [仿真-Python-AAO-default]. Indirect: [真实活动数据]/[估算].
plt_be1c9ecd,P007,4月,4,8033500.0,0.447522,[估算-回归],379100.865,0.047189999999999996,224.13464999999997,2.7899999999999997e-05,379324.99965,0.0472179,[仿真-Python-AAO-default],3595167.9869999997,2088792.6004469998,0.260010282,0.581,[真实活动数据],70293.125,0.0,17673.7,87966.825,0.01095,0.80335,361.50750000000005,4.500000000000001e-05,landfill,2556445.9325969997,0.31822318199999994,0.1482921505071243,8.767431657446e-05,0.8170689525692695,0.0344098124190085,0.00014141018802332262,Direct GHG: [仿真-Python-AAO-default]. Indirect: [真实活动数据]/[估算].
plt_be1c9ecd,P007,5月,5,9304200.0,0.442334,[估算-回归],439065.198,0.047189999999999996,259.58718,2.7899999999999997e-05,439324.78517999995,0.04721789999999999,[仿真-Python-AAO-default],4115564.0028,2391142.6856267997,0.256996054,0.581,[真实活动数据],81411.75,0.0,20469.24,101880.99,0.010950000000000001,0.93042,418.689,4.5e-05,landfill,2932767.1498068,0.315208954,0.1497102141330668,8.851271401382843e-05,0.8153196498345665,0.03473886087639503,0.0001427624419577878,Direct GHG: [仿真-Python-AAO-default]. Indirect: [真实活动数据]/[估算].
plt_be1c9ecd,P007,6月,6,9760300.0,0.38566600000000006,[估算-回归],460588.557,0.047189999999999996,272.31237,2.7899999999999997e-05,460860.86937,0.0472179,[仿真-Python-AAO-default],3764215.8598000007,2187009.4145438,0.224071946,0.581,[真实活动数据],85402.625,0.0,21472.660000000003,106875.285,0.01095,0.9760300000000001,439.2135,4.5e-05,landfill,2755184.7824138002,0.28228484600000003,0.16717156683642873,9.883633640043149e-05,0.7937795782349577,0.03879060514640591,0.00015941344580714756,Direct GHG: [仿真-Python-AAO-default]. Indirect: [真实活动数据]/[估算].
plt_c4107b59,P008,1月,1,957400.0,0.59466,[估算-回归],45179.706,0.047189999999999996,26.71146,2.7899999999999997e-05,45206.41746,0.0472179,[仿真-Python-AAO-default],569327.4839999999,330779.26820399996,0.34549746,0.581,[真实活动数据],8377.25,0.0,2106.28,10483.53,0.010950000000000001,0.09574,43.083000000000006,4.5e-05,landfill,386512.298664,0.40371036,0.11689073324746979,6.910895226964202e-05,0.8558052857499123,0.027123405998300366,0.00011146605204780974,Direct GHG: [仿真-Python-AAO-default]. Indirect: [真实活动数据]/[估算].
plt_c4107b59,P008,2月,2,789400.0,0.540268,[估算-回归],37251.786,0.047189999999999996,22.024259999999998,2.7899999999999997e-05,37273.81026,0.0472179,[仿真-Python-AAO-default],426487.55919999996,247789.27189519996,0.31389570799999994,0.581,[真实活动数据],6907.25,0.0,1736.68,8643.93,0.01095,0.07894,35.522999999999996,4.4999999999999996e-05,landfill,293742.53515519993,0.3721086079999999,0.12681781336270515,7.497810961685682e-05,0.843559383608777,0.029426892484035207,0.00012093243486589809,Direct GHG: [仿真-Python-AAO-default]. Indirect: [真实活动数据]/[估算].
plt_c4107b59,P008,3月,3,1043600.0,0.5814440000000001,[估算-回归],49247.484,0.047189999999999996,29.116439999999997,2.7899999999999997e-05,49276.600439999995,0.04721789999999999,[仿真-Python-AAO-default],606794.9584000001,352547.87083040003,0.33781896400000005,0.581,[真实活动数据],9131.5,0.0,2295.92,11427.42,0.01095,0.10436,46.961999999999996,4.4999999999999996e-05,landfill,413298.8532704,0.396031864,0.11915707873445253,7.044887681057904e-05,0.8530095548069334,0.027649290361141242,0.00011362722066222428,Direct GHG: [仿真-Python-AAO-default]. Indirect: [真实活动数据]/[估算].
plt_c4107b59,P008,4月,4,1114100.0,0.567094,[估算-回归],52574.37899999999,0.047189999999999996,31.083389999999998,2.7899999999999997e-05,52605.46238999999,0.04721789999999999,[仿真-Python-AAO-default],631799.4254,367075.46615739993,0.3294816139999999,0.581,[真实活动数据],9748.375,0.0,2451.0200000000004,12199.395,0.01095,0.11141000000000001,50.1345,4.5e-05,landfill,431930.45804739994,0.38769451399999993,0.12171954540476165,7.196387617700466e-05,0.84984853306436,0.028243886886673876,0.0001160707680274269,Direct GHG: [仿真-Python-AAO-default]. Indirect: [真实活动数据]/[估算].
plt_c4107b59,P008,5月,5,1314100.0,0.508538,[估算-回归],62012.37899999999,0.047189999999999996,36.66339,2.7899999999999997e-05,62049.042389999995,0.04721789999999999,[仿真-Python-AAO-default],668269.7858000001,388264.7455498,0.295460578,0.581,[真实活动数据],11498.375,0.0,2891.0200000000004,14389.395,0.01095,0.13141,59.1345,4.5e-05,landfill,464762.3174398,0.353673478,0.13342815601230917,7.888632237218533e-05,0.8354049607304735,0.030960760931018978,0.0001272360038261054,Direct GHG: [仿真-Python-AAO-default]. Indirect: [真实活动数据]/[估算].
plt_c4107b59,P008,6月,6,1418300.0000000002,0.47327600000000003,[估算-回归],66929.577,0.047189999999999996,39.570570000000004,2.7899999999999997e-05,66969.14757,0.04721789999999999,[仿真-Python-AAO-default],671247.3508000001,389994.71081480006,0.274973356,0.581,[真实活动数据],12410.125000000002,0.0,3120.2600000000007,15530.385000000002,0.01095,0.14183000000000004,63.82350000000002,4.5e-05,landfill,472558.06688480004,0.33318625599999996,0.14163249278805787,8.373694742078438e-05,0.8252842098024596,0.03286450086944763,0.00013505959261416836,Direct GHG: [仿真-Python-AAO-default]. Indirect: [真实活动数据]/[估算].
plt_c77058b9,P009,1月,1,4769200.0,0.509914,[估算-回归],225058.54799999998,0.047189999999999996,133.06068,2.7899999999999997e-05,225191.60867999998,0.04721789999999999,[仿真-Python-AAO-default],2431881.8488,1412923.3541527998,0.29626003399999995,0.581,[真实活动数据],41730.5,0.0,10492.24,52222.74,0.01095,0.47692,214.614,4.5e-05,landfill,1690552.3168328,0.35447293399999996,0.13312723052643563,7.870840711353155e-05,0.8357761780480537,0.030890933974665608,0.0001269490437315025,Direct GHG: [仿真-Python-AAO-default]. Indirect: [真实活动数据]/[估算].
plt_c77058b9,P009,2月,2,3300400.0,0.476942,[估算-回归],155745.876,0.047189999999999996,92.08116,2.7899999999999997e-05,155837.95716,0.0472179,[仿真-Python-AAO-default],1574099.3768,914551.7379207999,0.27710330199999994,0.581,[真实活动数据],28878.499999999996,0.0,7260.880000000001,36139.38,0.01095,0.33004,148.518,4.5e-05,landfill,1106677.5930807998,0.33531620199999995,0.14073283580851248,8.320504596434622e-05,0.8263940136122621,0.032655743846221906,0.0001342016870392681,Direct GHG: [仿真-Python-AAO-default]. Indirect: [真实活动数据]/[估算].
plt_c77058b9,P009,3月,3,5344800.0,0.441128,[估算-回归],252221.11199999996,0.047189999999999996,149.11991999999998,2.7899999999999997e-05,252370.23191999996,0.04721789999999999,[仿真-Python-AAO-default],2357740.9344,1369847.4828864,0.256295368,0.581,[真实活动数据],46767.0,0.0,11758.560000000001,58525.56,0.01095,0.5344800000000001,240.51600000000005,4.500000000000001e-05,landfill,1680983.7908064001,0.31450826800000004,0.15004375020118704,8.870990952772025e-05,0.814908204575404,0.0348162548146429,0.00014308049923825853,Direct GHG: [仿真-Python-AAO-default]. Indirect: [真实活动数据]/[估算].
plt_c77058b9,P009,4月,4,5802800.0,0.416568,[估算-回归],273834.132,0.047189999999999996,161.89811999999998,2.7899999999999997e-05,273996.03012,0.0472179,[仿真-Python-AAO-default],2417260.7904,1404428.5192224,0.242026008,0.581,[真实活动数据],50774.5,0.0,12766.160000000002,63540.66,0.010950000000000001,0.58028,261.12600000000003,4.5e-05,landfill,1742226.3353423998,0.30023890799999997,0.15717483225058893,9.292599745266859e-05,0.8061114051214175,0.03647095598948822,0.0001498806410526913,Direct GHG: [仿真-Python-AAO-default]. Indirect: [真实活动数据]/[估算].
plt_c77058b9,P009,5月,5,7154200.0,0.35543399999999997,[估算-回归],337606.698,0.047189999999999996,199.60217999999998,2.7899999999999997e-05,337806.30017999996,0.04721789999999999,[仿真-Python-AAO-default],2542845.9228,1477393.4811467999,0.20650715399999997,0.581,[真实活动数据],62599.24999999999,0.0,15739.240000000002,78338.48999999999,0.010949999999999998,0.7154200000000001,321.939,4.5e-05,landfill,1893860.2103268,0.264720054,0.1782637895654101,0.00010539435746715282,0.780096373053777,0.04136445212420514,0.0001699908991405691,Direct GHG: [仿真-Python-AAO-default]. Indirect: [真实活动数据]/[估算].
plt_c77058b9,P009,6月,6,8794900.0,0.303682,[估算-回归],415031.33099999995,0.047189999999999996,245.37770999999998,2.7899999999999997e-05,415276.7087099999,0.04721789999999999,[仿真-Python-AAO-default],2670852.8218,1551765.4894657999,0.176439242,0.581,[真实活动数据],76955.375,0.0,19348.780000000002,96304.155,0.01095,0.87949,395.7705,4.5e-05,landfill,2063742.1236758,0.23465214199999998,0.2011061974452379,0.00011889940471968928,0.7519183097847024,0.04666482013192107,0.0001917732334188537,Direct GHG: [仿真-Python-AAO-default]. Indirect: [真实活动数据]/[估算].
plt_c288c746,P010,1月,1,1524600.0,0.522792,[估算-回归],71945.874,0.047189999999999996,42.536339999999996,2.7899999999999997e-05,71988.41034,0.0472179,[仿真-Python-AAO-default],797048.6832000001,463085.28493920004,0.30374215200000004,0.581,[真实活动数据],13340.25,0.0,3354.1200000000003,16694.37,0.01095,0.15246,68.607,4.5e-05,landfill,551836.6722792,0.36195505200000005,0.13037530416898283,7.708139407320662e-05,0.8391709145145458,0.03025237509324776,0.00012432482915033328,Direct GHG: [仿真-Python-AAO-default]. Indirect: [真实活动数据]/[估算].
plt_c288c746,P010,2月,2,1224600.0,0.53953,[估算-回归],57788.873999999996,0.047189999999999996,34.16634,2.7899999999999997e-05,57823.04034,0.0472179,[仿真-Python-AAO-default],660708.438,383871.6024779999,0.3134669299999999,0.581,[真实活动数据],10715.25,0.0,2694.1200000000003,13409.37,0.010950000000000001,0.12246000000000001,55.10700000000001,4.500000000000001e-05,landfill,455159.11981799995,0.37167982999999993,0.1269641131723505,7.506460600781054e-05,0.843378910284155,0.029460839992312745,0.00012107194517388802,Direct GHG: [仿真-Python-AAO-default]. Indirect: [真实活动数据]/[估算].
plt_c288c746,P010,3月,3,1474100.0,0.487828,[估算-回归],69562.779,0.047189999999999996,41.12739,2.7899999999999997e-05,69603.90638999999,0.04721789999999999,[仿真-Python-AAO-default],719107.2548,417801.31503879995,0.283428068,0.581,[真实活动数据],12898.375,0.0,3243.0200000000004,16141.395,0.01095,0.14740999999999999,66.33449999999999,4.4999999999999996e-05,landfill,503612.9509287999,0.34164096799999993,0.13812746251204863,8.16646790439957e-05,0.8296079643469457,0.03205119123769724,0.00013171722426450917,Direct GHG: [仿真-Python-AAO-default]. Indirect: [真实活动数据]/[估算].
plt_c288c746,P010,4月,4,1315500.0,0.4736579999999999,[估算-回归],62078.44499999999,0.047189999999999996,36.70245,2.7899999999999997e-05,62115.14744999999,0.04721789999999999,[仿真-Python-AAO-default],623097.0989999999,362019.4145189999,0.2751952979999999,0.581,[真实活动数据],11510.625,0.0,2894.1000000000004,14404.725,0.01095,0.13155,59.1975,4.4999999999999996e-05,landfill,438598.4844689999,0.33340819799999993,0.14153821136695627,8.368120570328629e-05,0.8254005139969594,0.0328426237437629,0.0001349696866182037,Direct GHG: [仿真-Python-AAO-default]. Indirect: [真实活动数据]/[估算].
plt_c288c746,P010,5月,5,1598000.0,0.44875,[估算-回归],75409.62,0.047189999999999996,44.584199999999996,2.7899999999999997e-05,75454.2042,0.04721789999999999,[仿真-Python-AAO-default],717102.5,416636.5525,0.26072375,0.581,[真实活动数据],13982.5,0.0,3515.6000000000004,17498.1,0.01095,0.1598,71.91,4.4999999999999996e-05,landfill,509660.7666999999,0.31893664999999993,0.14796041784473501,8.747818728264689e-05,0.817478173173262,0.03433283694426464,0.00014109385045588208,Direct GHG: [仿真-Python-AAO-default]. Indirect: [真实活动数据]/[估算].
plt_c288c746,P010,6月,6,1628899.9999999998,0.42184200000000005,[估算-回归],76867.79099999998,0.047189999999999996,45.44630999999999,2.7899999999999997e-05,76913.23730999998,0.04721789999999999,[仿真-Python-AAO-default],687138.4338,399227.4300378,0.24509020200000003,0.581,[真实活动数据],14252.875,0.0,3583.58,17836.455,0.010950000000000003,0.16288999999999998,73.30049999999999,4.4999999999999996e-05,landfill,494050.4228478,0.30330310200000005,0.15558693494667913,9.198718976504234e-05,0.8080702122195901,0.03610249920886072,0.000148366435104907,Direct GHG: [仿真-Python-AAO-default]. Indirect: [真实活动数据]/[估算].
plt_eaeb1d0a,P011,1月,1,2317600.0,0.526988,[估算-回归],109367.544,0.047189999999999996,64.66104,2.7899999999999997e-05,109432.20504,0.0472179,[仿真-Python-AAO-default],1221347.3888,709602.8328928,0.306180028,0.581,[真实活动数据],20279.0,0.0,5098.72,25377.72,0.01095,0.23176000000000002,104.29200000000002,4.500000000000001e-05,landfill,844517.0499328,0.364392928,0.12950306214504798,7.656570107749182e-05,0.8402468996324758,0.03004997945514464,0.00012349306625401908,Direct GHG: [仿真-Python-AAO-default]. Indirect: [真实活动数据]/[估算].
plt_eaeb1d0a,P011,2月,2,1785300.0,0.497668,[估算-回归],84248.30699999999,0.047189999999999996,49.80987,2.7899999999999997e-05,84298.11686999998,0.04721789999999999,[仿真-Python-AAO-default],888486.6804,516210.76131239993,0.289145108,0.581,[真实活动数据],15621.374999999998,0.0,3927.6600000000003,19549.035,0.01095,0.17853,80.3385,4.4999999999999996e-05,landfill,620138.2516823999,0.34735800799999994,0.13585407249341436,8.032058958606189e-05,0.8324123853220623,0.03152367225689526,0.0001295493380420353,Direct GHG: [仿真-Python-AAO-default]. Indirect: [真实活动数据]/[估算].
plt_eaeb1d0a,P011,3月,3,2335900.0,0.498198,[估算-回归],110231.12099999998,0.047189999999999996,65.17160999999999,2.7899999999999997e-05,110296.29260999999,0.04721789999999999,[仿真-Python-AAO-default],1163740.7082,676133.3514642,0.289453038,0.581,[真实活动数据],20439.125,0.0,5138.9800000000005,25578.105,0.01095,0.23359,105.1155,4.4999999999999996e-05,landfill,812112.8645741999,0.34766593799999995,0.135733745650976,8.024944911341875e-05,0.8325608187708052,0.03149575153376113,0.0001294345953442238,Direct GHG: [仿真-Python-AAO-default]. Indirect: [真实活动数据]/[估算].
plt_eaeb1d0a,P011,4月,4,2217900.0,0.491798,[估算-回归],104662.70099999999,0.047189999999999996,61.87940999999999,2.7899999999999997e-05,104724.58040999998,0.04721789999999999,[仿真-Python-AAO-default],1090758.7842,633730.8536202001,0.28573463800000004,0.581,[真实活动数据],19406.625,0.0,4879.380000000001,24286.005,0.01095,0.22179000000000001,99.80550000000001,4.5e-05,landfill,762841.2445302,0.343947538,0.1372011565321918,8.111702198025327e-05,0.8307506419772658,0.03183625056214242,0.00013083390641976337,Direct GHG: [仿真-Python-AAO-default]. Indirect: [真实活动数据]/[估算].
plt_eaeb1d0a,P011,5月,5,2750899.9999999995,0.44121,[估算-回归],129814.97099999996,0.047189999999999996,76.75010999999998,2.7899999999999997e-05,129891.72110999995,0.04721789999999999,[仿真-Python-AAO-default],1213724.5889999997,705173.9862089998,0.25634301,0.581,[真实活动数据],24070.374999999993,0.0,6051.98,30122.354999999992,0.01095,0.27509,123.7905,4.5e-05,landfill,865311.8528189997,0.31455590999999994,0.15002102487917013,8.86964737047859e-05,0.8149362382032498,0.0348109816153192,0.00014305882855610635,Direct GHG: [仿真-Python-AAO-default]. Indirect: [真实活动数据]/[估算].
plt_eaeb1d0a,P011,6月,6,2928100.0,0.400612,[估算-回归],138177.039,0.047189999999999996,81.69398999999999,2.7899999999999997e-05,138258.73299,0.04721789999999999,[仿真-Python-AAO-default],1173031.9972,681531.5903732,0.232755572,0.581,[真实活动数据],25620.875,0.0,6441.820000000001,32062.695,0.01095,0.29281,131.7645,4.4999999999999996e-05,landfill,851984.7828632001,0.29096847200000003,0.16218251989858198,9.588667737169817e-05,0.7999339942232642,0.037632943269537464,0.0001546559312446745,Direct GHG: [仿真-Python-AAO-default]. Indirect: [真实活动数据]/[估算].
plt_780535e2,P012,1月,1,3890500.0,0.6489739999999999,[估算-回归],183592.69499999998,0.047189999999999996,108.54494999999999,2.7899999999999997e-05,183701.23995,0.0472179,[仿真-Python-AAO-default],2524833.3469999996,1466928.1746069996,0.3770538939999999,0.581,[真实活动数据],34041.875,0.0,8559.1,42600.975,0.01095,0.435697095,196.06369275,5.03955e-05,landfill,1693426.4532497497,0.4352721894999999,0.10841492091237775,6.40978235527726e-05,0.8662485293009972,0.025156672684690327,0.00011577927838185493,Direct GHG: [仿真-Python-AAO-default]. Indirect: [真实活动数据]/[估算].
plt_780535e2,P012,2月,2,2870800.0,0.5311720000000001,[估算-回归],135473.052,0.047189999999999996,80.09531999999999,2.7899999999999997e-05,135553.14732,0.04721789999999999,[仿真-Python-AAO-default],1524888.5776000002,885960.2635856001,0.308610932,0.581,[真实活动数据],25119.5,0.0,6315.760000000001,31435.260000000002,0.010950000000000001,0.28708000000000006,129.18600000000004,4.500000000000001e-05,landfill,1053077.8569056,0.366823832,0.1286448586034072,7.605830801091461e-05,0.8413055670821301,0.029850841316111654,0.00012267469034018492,Direct GHG: [仿真-Python-AAO-default]. Indirect: [真实活动数据]/[估算].
plt_780535e2,P012,3月,3,3570000.0,0.556814,[估算-回归],168468.3,0.047189999999999996,99.603,2.7899999999999997e-05,168567.903,0.0472179,[仿真-Python-AAO-default],1987825.9800000002,1154926.89438,0.32350893399999997,0.581,[真实活动数据],31237.499999999996,0.0,7854.000000000001,39091.5,0.01095,0.357,160.64999999999998,4.4999999999999996e-05,landfill,1362746.9473799998,0.3817218339999999,0.12362405237736546,7.308987203493317e-05,0.8474991608680158,0.028685809992204957,0.00011788689037892446,Direct GHG: [仿真-Python-AAO-default]. Indirect: [真实活动数据]/[估算].
plt_780535e2,P012,4月,4,3901700.0,0.526918,[估算-回归],184121.223,0.047189999999999996,108.85743,2.7899999999999997e-05,184230.08043,0.0472179,[仿真-Python-AAO-default],2055875.9605999999,1194463.9331085999,0.306139358,0.581,[真实活动数据],34139.875,0.0,8583.740000000002,42723.615000000005,0.010950000000000001,0.39017,175.5765,4.5e-05,landfill,1421593.2050386,0.364352258,0.12951751763262026,7.657424755139022e-05,0.8402290675525331,0.030053333716405846,0.00012350685088933908,Direct GHG: [仿真-Python-AAO-default]. Indirect: [真实活动数据]/[估算].
plt_780535e2,P012,5月,5,4456500.0,0.47052200000000005,[估算-回归],210302.235,0.047189999999999996,124.33634999999998,2.7899999999999997e-05,210426.57134999998,0.04721789999999999,[仿真-Python-AAO-default],2096881.2930000003,1218288.031233,0.27337328200000005,0.581,[真实活动数据],38994.375,0.0,9804.300000000001,48798.675,0.010950000000000001,0.44565000000000005,200.54250000000002,4.5e-05,landfill,1477713.820083,0.331586182,0.14231594246590165,8.414102129261827e-05,0.8244411161861986,0.033023089001941584,0.00013571132466551336,Direct GHG: [仿真-Python-AAO-default]. Indirect: [真实活动数据]/[估算].
plt_780535e2,P012,6月,6,5272500.0,0.40011599999999997,[估算-回归],248809.27499999997,0.047189999999999996,147.10275,2.7899999999999997e-05,248956.37774999996,0.04721789999999999,[仿真-Python-AAO-default],2109611.61,1225684.3454099998,0.23246739599999997,0.581,[真实活动数据],46134.375,0.0,11599.500000000002,57733.875,0.01095,0.52725,237.26250000000002,4.5e-05,landfill,1532611.8606599998,0.29068029599999995,0.1623433051685072,9.598173795722295e-05,0.799735651844802,0.03767025199396385,0.00015480925476971447,Direct GHG: [仿真-Python-AAO-default]. Indirect: [真实活动数据]/[估算].
plt_31120c6e,P013,1月,1,7256500.0,0.539018,[估算-回归],342434.235,0.047189999999999996,202.45635,2.7899999999999997e-05,342636.69135,0.0472179,[仿真-Python-AAO-default],3911384.117,2272514.171977,0.31316945799999996,0.581,[真实活动数据],63494.37499999999,0.0,15964.300000000001,79458.67499999999,0.010949999999999998,0.7256500000000001,326.5425000000001,4.500000000000001e-05,landfill,2694936.0808269996,0.37138235799999997,0.12706580962577657,7.512473169229003e-05,0.8432534590132578,0.029484437707189094,0.00012116892208433879,Direct GHG: [仿真-Python-AAO-default]. Indirect: [真实活动数据]/[估算].
plt_31120c6e,P013,2月,2,5364100.0,0.514494,[估算-回归],253131.879,0.047189999999999996,149.65839,2.7899999999999997e-05,253281.53738999998,0.0472179,[仿真-Python-AAO-default],2759797.2654,1603442.2111973998,0.29892101399999993,0.581,[真实活动数据],46935.875,0.0,11801.020000000002,58736.895000000004,0.010950000000000001,0.53641,241.38450000000003,4.5e-05,landfill,1915702.0280873997,0.35713391399999994,0.13213530877383997,7.812195623628173e-05,0.8369997983445504,0.030660767770153585,0.00012600315521980928,Direct GHG: [仿真-Python-AAO-default]. Indirect: [真实活动数据]/[估算].
plt_31120c6e,P013,3月,3,6565900.0,0.516976,[估算-回归],309844.821,0.047189999999999996,183.18860999999998,2.7899999999999997e-05,310028.00961,0.0472179,[仿真-Python-AAO-default],3394412.7184,1972153.7893904,0.300363056,0.581,[真实活动数据],57451.62499999999,0.0,14444.980000000003,71896.605,0.01095,0.65659,295.4655,4.5e-05,landfill,2354373.8695004,0.35857595600000003,0.1316039160193998,7.780778251623763e-05,0.8376553167441043,0.030537463030566387,0.00012549642341328653,Direct GHG: [仿真-Python-AAO-default]. Indirect: [真实活动数据]/[估算].
plt_31120c6e,P013,4月,4,8247600.0,0.48698400000000003,[估算-回归],389204.24399999995,0.047189999999999996,230.10804,2.7899999999999997e-05,389434.35203999997,0.04721789999999999,[仿真-Python-AAO-default],4016449.2384,2333557.0075104,0.282937704,0.581,[真实活动数据],72166.5,0.0,18144.72,90311.22,0.01095,0.8247599999999999,371.142,4.5e-05,landfill,2813673.7215504,0.34115060399999997,0.13832600454666055,8.178206244653168e-05,0.829363045770835,0.0320972610677248,0.00013190655233311563,Direct GHG: [仿真-Python-AAO-default]. Indirect: [真实活动数据]/[估算].
plt_31120c6e,P013,5月,5,9123500.0,0.4605,[估算-回归],430537.96499999997,0.047189999999999996,254.54564999999997,2.7899999999999997e-05,430792.51064999995,0.04721789999999999,[仿真-Python-AAO-default],4201371.75,2440996.9867499997,0.26755049999999997,0.581,[真实活动数据],79830.625,0.0,20071.7,99902.325,0.01095,0.91235,410.5575,4.5e-05,landfill,2972102.3799,0.3257634,0.14485973562407561,8.56449803753276e-05,0.8213031298175301,0.0336133525128974,0.00013813706512149615,Direct GHG: [仿真-Python-AAO-default]. Indirect: [真实活动数据]/[估算].
plt_31120c6e,P013,6月,6,9341100.0,0.411276,[估算-回归],440806.50899999996,0.047189999999999996,260.61668999999995,2.7899999999999997e-05,441067.12568999996,0.04721789999999999,[仿真-Python-AAO-default],3841770.2435999997,2232068.5115316,0.23895135599999998,0.581,[真实活动数据],81734.625,0.0,20550.420000000002,102285.045,0.01095,0.93411,420.3495,4.4999999999999996e-05,landfill,2775841.0317216,0.29716425599999996,0.15880106388030732,9.388746942700941e-05,0.8041053093545678,0.03684830789339617,0.0001514314023016281,Direct GHG: [仿真-Python-AAO-default]. Indirect: [真实活动数据]/[估算].
plt_501d41d0,P014,1月,1,9150800.0,0.46883600000000003,[估算-回归],431826.252,0.047189999999999996,255.30731999999998,2.7899999999999997e-05,432081.55932,0.0472179,[仿真-Python-AAO-default],4290224.4688,2492620.4163728,0.27239371599999995,0.581,[真实活动数据],80069.5,0.0,20131.760000000006,100201.26000000001,0.010950000000000001,0.91508,411.786,4.5e-05,landfill,3025315.0216928,0.33060661599999996,0.14273761539000782,8.439032569148585e-05,0.8239209465790001,0.03312093427676596,0.0001361134285346546,Direct GHG: [仿真-Python-AAO-default]. Indirect: [真实活动数据]/[估算].
plt_501d41d0,P014,2月,2,5758900.0,0.418788,[估算-回归],271762.491,0.047189999999999996,160.67331,2.7899999999999997e-05,271923.16430999996,0.04721789999999999,[仿真-Python-AAO-default],2411758.2132,1401231.5218692,0.243315828,0.581,[真实活动数据],50390.375,0.0,12669.580000000002,63059.955,0.01095,0.57589,259.1505,4.5e-05,landfill,1736473.7916792,0.301528728,0.1565025008164396,9.25284969861976e-05,0.8069407834334114,0.03631494774189476,0.00014923951126806067,Direct GHG: [仿真-Python-AAO-default]. Indirect: [真实活动数据]/[估算].
plt_501d41d0,P014,3月,3,9726300.0,0.446052,[估算-回归],458984.09699999995,0.047189999999999996,271.36377,2.7899999999999997e-05,459255.46076999995,0.04721789999999999,[仿真-Python-AAO-default],4338435.5676,2520631.0647755996,0.25915621199999994,0.581,[真实活动数据],85105.125,0.0,21397.860000000004,106502.985,0.01095,0.97263,437.6835,4.4999999999999996e-05,landfill,3086827.194045599,0.3173691119999999,0.14869121857076,8.791025637050655e-05,0.816576667990299,0.034502412446489134,0.00014179073608146218,Direct GHG: [仿真-Python-AAO-default]. Indirect: [真实活动数据]/[估算].
plt_501d41d0,P014,4月,4,9417900.0,0.4434680000000001,[估算-回归],444430.70099999994,0.047189999999999996,262.75940999999995,2.7899999999999997e-05,444693.46040999994,0.04721789999999999,[仿真-Python-AAO-default],4176537.277200001,2426568.1580532,0.257654908,0.581,[真实活动数据],82406.625,0.0,20719.38,103126.005,0.01095,0.9417900000000001,423.80550000000005,4.5e-05,landfill,2974811.4289631997,0.31586780799999997,0.1493979405460654,8.832808945190134e-05,0.8157048660052121,0.034666400698864515,0.00014246466040629253,Direct GHG: [仿真-Python-AAO-default]. Indirect: [真实活动数据]/[估算].
plt_501d41d0,P014,5月,5,10036100.0,0.382772,[估算-回归],473603.55899999995,0.047189999999999996,280.00719,2.7899999999999997e-05,473883.5661899999,0.04721789999999999,[仿真-Python-AAO-default],3841538.0692,2231933.6182052,0.222390532,0.581,[真实活动数据],87815.875,0.0,22079.420000000002,109895.295,0.01095,1.0036100000000001,451.6245,4.5e-05,landfill,2816164.1038951995,0.28060343199999993,0.16817328164396794,9.942857719573437e-05,0.7925438773678293,0.03902304373811081,0.0001603686728963458,Direct GHG: [仿真-Python-AAO-default]. Indirect: [真实活动数据]/[估算].
plt_501d41d0,P014,6月,6,12748900.000000002,0.32312599999999997,[估算-回归],601620.591,0.047189999999999996,355.69431000000003,2.7899999999999997e-05,601976.2853100001,0.0472179,[仿真-Python-AAO-default],4119501.0614,2393430.1166733997,0.18773620599999996,0.581,[真实活动数据],111552.87500000001,0.0,28047.580000000005,139600.45500000002,0.01095,1.2748900000000003,573.7005000000001,4.5e-05,landfill,3135580.5574833998,0.24594910599999995,0.19186896332934833,0.00011343810292199235,0.7633132279000843,0.04452140598551312,0.00018296468213224574,Direct GHG: [仿真-Python-AAO-default]. Indirect: [真实活动数据]/[估算].
plt_8e3c48c5,P015,1月,1,3825000.0,0.53249,[估算-回归],180501.74999999997,0.047189999999999996,106.71749999999999,2.7899999999999997e-05,180608.46749999997,0.04721789999999999,[仿真-Python-AAO-default],2036774.25,1183365.83925,0.30937669,0.581,[真实活动数据],33468.75,0.0,8415.0,41883.75,0.01095,0.3825,172.125,4.5e-05,landfill,1406030.18175,0.36758959,0.12837686725568043,7.589986430246841e-05,0.8416361573242593,0.02978865641978599,0.00012241913597172324,Direct GHG: [仿真-Python-AAO-default]. Indirect: [真实活动数据]/[估算].
plt_8e3c48c5,P015,2月,2,1690100.0,0.48235,[估算-回归],79755.81899999999,0.047189999999999996,47.153789999999994,2.7899999999999997e-05,79802.97278999999,0.04721789999999999,[仿真-Python-AAO-default],815219.735,473642.66603499994,0.28024534999999995,0.581,[真实活动数据],14788.374999999998,0.0,3718.2200000000007,18506.594999999998,0.010949999999999998,0.16901000000000002,76.0545,4.5e-05,landfill,572028.2883249999,0.3384582499999999,0.13942635465378672,8.24326190896514e-05,0.8280056698278149,0.032352587062067485,0.00013295583724137324,Direct GHG: [仿真-Python-AAO-default]. Indirect: [真实活动数据]/[估算].
plt_8e3c48c5,P015,3月,3,4640000.0,0.47687,[估算-回归],218961.59999999998,0.047189999999999996,129.456,2.7899999999999997e-05,219091.05599999998,0.04721789999999999,[仿真-Python-AAO-default],2212676.8000000003,1285565.2208,0.27706147,0.581,[真实活动数据],40600.0,0.0,10208.0,50808.0,0.01095,0.464,208.8,4.5e-05,landfill,1555673.0768000002,0.33527437000000004,0.14075039496756042,8.321542741248009e-05,0.8263723528881732,0.03265981828554327,0.00013421843131045179,Direct GHG: [仿真-Python-AAO-default]. Indirect: [真实活动数据]/[估算].
plt_8e3c48c5,P015,4月,4,4781900.0,0.432714,[估算-回归],225657.86099999998,0.047189999999999996,133.41501,2.7899999999999997e-05,225791.27600999997,0.04721789999999999,[仿真-Python-AAO-default],2069195.0766,1202202.3395046,0.251406834,0.581,[真实活动数据],41841.625,0.0,10520.180000000002,52361.805,0.01095,0.47819,215.1855,4.4999999999999996e-05,landfill,1480570.6060145998,0.309619734,0.15241276578320426,9.011053539630004e-05,0.8119858212913523,0.03536596281682744,0.00014533957321983878,Direct GHG: [仿真-Python-AAO-default]. Indirect: [真实活动数据]/[估算].
plt_8e3c48c5,P015,5月,5,5177800.0,0.40857199999999994,[估算-回归],244340.38199999998,0.047189999999999996,144.46061999999998,2.7899999999999997e-05,244484.84261999998,0.04721789999999999,[仿真-Python-AAO-default],2115504.1015999997,1229107.8830295997,0.23738033199999994,0.581,[真实活动数据],45305.75,0.0,11391.160000000002,56696.91,0.010950000000000001,0.51778,233.001,4.5e-05,landfill,1530522.6366495995,0.29559323199999993,0.15964506250941501,9.438646416640556e-05,0.8030641648791201,0.03704414991477208,0.0001522362325264606,Direct GHG: [仿真-Python-AAO-default]. Indirect: [真实活动数据]/[估算].
plt_8e3c48c5,P015,6月,6,4853400.0,0.365238,[估算-回归],229031.94599999997,0.047189999999999996,135.40985999999998,2.7899999999999997e-05,229167.35585999998,0.04721789999999999,[仿真-Python-AAO-default],1772646.1092,1029907.3894452,0.212203278,0.581,[真实活动数据],42467.25,0.0,10677.480000000001,53144.73,0.010950000000000001,0.48534000000000005,218.40300000000002,4.5e-05,landfill,1312437.8783051998,0.27041617799999995,0.17450878992898125,0.00010317430046659412,0.7847284861780719,0.04049313943043749,0.00016641016204289378,Direct GHG: [仿真-Python-AAO-default]. Indirect: [真实活动数据]/[估算].
plt_39f5167e,P016,1月,1,4165800.0,0.65626,[估算-回归],196584.10199999998,0.047189999999999996,116.22581999999998,2.7899999999999997e-05,196700.32781999998,0.04721789999999999,[仿真-Python-AAO-default],2733847.908,1588365.6345479998,0.38128705999999996,0.581,[真实活动数据],36450.75,0.0,9164.760000000002,45615.51,0.01095,0.4633931775,208.52692987499998,5.0056875e-05,landfill,1830889.9992978747,0.43950501687499993,0.1073707880186072,6.348050404151601e-05,0.8675374463551168,0.024914391371132633,0.00011389375110190545,Direct GHG: [仿真-Python-AAO-default]. Indirect: [真实活动数据]/[估算].
plt_39f5167e,P016,2月,2,3773600.0,0.5947680000000001,[估算-回归],178076.18399999998,0.047189999999999996,105.28343999999998,2.7899999999999997e-05,178181.46743999998,0.04721789999999999,[仿真-Python-AAO-default],2244416.5248000002,1304006.0009088002,0.34556020800000004,0.581,[真实活动数据],33019.0,0.0,8301.92,41320.92,0.01095,0.37736000000000003,169.812,4.5e-05,landfill,1523678.2003488,0.403773108,0.11687256794724425,6.909821245450551e-05,0.8558276942009719,0.02711919090956399,0.00011144872976533148,Direct GHG: [仿真-Python-AAO-default]. Indirect: [真实活动数据]/[估算].
plt_39f5167e,P016,3月,3,4499100.0,0.611916,[估算-回归],212312.52899999998,0.047189999999999996,125.52488999999998,2.7899999999999997e-05,212438.05388999998,0.04721789999999999,[仿真-Python-AAO-default],2753071.2756000003,1599534.4111236,0.35552319600000004,0.581,[真实活动数据],39367.125,0.0,9898.020000000002,49265.145000000004,0.010950000000000001,0.44991000000000003,202.45950000000002,4.5e-05,landfill,1861440.0695136,0.413736096,0.11405821357196737,6.743429028730429e-05,0.8592994409653829,0.026466146188028034,0.00010876498433436179,Direct GHG: [仿真-Python-AAO-default]. Indirect: [真实活动数据]/[估算].
plt_39f5167e,P016,4月,4,4577300.0,0.55533,[估算-回归],216002.78699999998,0.047189999999999996,127.70666999999999,2.7899999999999997e-05,216130.49367,0.0472179,[仿真-Python-AAO-default],2541912.009,1476850.877229,0.32264673,0.581,[真实活动数据],40051.375,0.0,10070.060000000001,50121.435,0.01095,0.45773,205.9785,4.4999999999999996e-05,landfill,1743308.784399,0.38085963,0.12390391704156199,7.325533556811994e-05,0.8471539238747882,0.02875074998103632,0.00011815376704535474,Direct GHG: [仿真-Python-AAO-default]. Indirect: [真实活动数据]/[估算].
plt_39f5167e,P016,5月,5,4869500.0,0.487982,[估算-回归],229791.705,0.047189999999999996,135.85905,2.7899999999999997e-05,229927.56405,0.0472179,[仿真-Python-AAO-default],2376228.349,1380588.670769,0.283517542,0.581,[真实活动数据],42608.125,0.0,10712.900000000001,53321.025,0.01095,0.48695000000000005,219.12750000000003,4.5e-05,landfill,1664056.3873189997,0.34173044199999997,0.13809129711657356,8.164329708735754e-05,0.829652577454601,0.03204279939450054,0.00013168273723767346,Direct GHG: [仿真-Python-AAO-default]. Indirect: [真实活动数据]/[估算].
plt_39f5167e,P016,6月,6,5460700.000000001,0.429752,[估算-回归],257690.43300000002,0.047189999999999996,152.35353,2.7899999999999997e-05,257842.78653,0.04721789999999999,[仿真-Python-AAO-default],2346746.7464000005,1363459.8596584003,0.249685912,0.581,[真实活动数据],47781.12500000001,0.0,12013.540000000003,59794.66500000001,0.01095,0.5460700000000002,245.73150000000007,4.5e-05,landfill,1681343.0426884003,0.30789881199999997,0.15326463812403407,9.061418528630112e-05,0.8109349639192502,0.03556363185967733,0.00014615191175209862,Direct GHG: [仿真-Python-AAO-default]. Indirect: [真实活动数据]/[估算].
plt_260683fd,P017,1月,1,6999600.0,0.627322,[估算-回归],330311.12399999995,0.047189999999999996,195.28884,2.7899999999999997e-05,330506.41283999995,0.04721789999999999,[仿真-Python-AAO-default],4391003.0712,2551172.7843672,0.364474082,0.581,[真实活动数据],61246.49999999999,0.0,15399.120000000003,76645.62,0.01095,0.69996,314.982,4.5e-05,landfill,2958639.7992072,0.422686982,0.11164289890527075,6.600629115187655e-05,0.8622789381292089,0.02590569491444617,0.00010646175992238154,Direct GHG: [仿真-Python-AAO-default]. Indirect: [真实活动数据]/[估算].
plt_260683fd,P017,2月,2,5329299.999999999,0.551418,[估算-回归],251489.66699999993,0.047189999999999996,148.68746999999996,2.7899999999999997e-05,251638.35446999993,0.04721789999999999,[仿真-Python-AAO-default],2938671.9473999995,1707368.4014393997,0.320373858,0.581,[真实活动数据],46631.374999999985,0.0,11724.46,58355.834999999985,0.01095,0.5329299999999999,239.81849999999997,4.5e-05,landfill,2017602.4094093996,0.37858675799999997,0.12464778284717501,7.369512908319947e-05,0.8462363017990185,0.028923357113298714,0.00011886311142451529,Direct GHG: [仿真-Python-AAO-default]. Indirect: [真实活动数据]/[估算].
plt_260683fd,P017,3月,3,7718800.0,0.5866760000000001,[估算-回归],364250.17199999996,0.047189999999999996,215.35451999999998,2.7899999999999997e-05,364465.52651999996,0.04721789999999999,[仿真-Python-AAO-default],4528434.708800001,2631020.5658128005,0.3408587560000001,0.581,[真实活动数据],67539.5,0.0,16981.36,84520.86,0.01095,0.77188,347.346,4.5e-05,landfill,3080354.2983328,0.399071656,0.118249440396238,6.991225655975927e-05,0.8541292043051036,0.02743868133797004,0.000112761704128644,Direct GHG: [仿真-Python-AAO-default]. Indirect: [真实活动数据]/[估算].
plt_260683fd,P017,4月,4,7967600.0,0.55959,[估算-回归],375991.044,0.047189999999999996,222.29603999999998,2.7899999999999997e-05,376213.34004,0.0472179,[仿真-Python-AAO-default],4458589.284,2590440.374004,0.32512178999999997,0.581,[真实活动数据],69716.5,0.0,17528.72,87245.22,0.01095,0.79676,358.54200000000003,4.5e-05,landfill,3054257.476044,0.38333469000000003,0.12310391214528484,7.278235110941824e-05,0.8481407983190876,0.028565116295631892,0.00011739088888615847,Direct GHG: [仿真-Python-AAO-default]. Indirect: [真实活动数据]/[估算].
plt_260683fd,P017,5月,5,9074700.0,0.520764,[估算-回归],428235.09299999994,0.047189999999999996,253.18412999999998,2.7899999999999997e-05,428488.27712999994,0.04721789999999999,[仿真-Python-AAO-default],4725777.0708,2745676.4781347997,0.30256388399999995,0.581,[真实活动数据],79403.625,0.0,19964.340000000004,99367.965,0.01095,0.90747,408.3615,4.4999999999999996e-05,landfill,3273941.0817647995,0.36077678399999996,0.13080109944103277,7.733313571529592e-05,0.8386456596386757,0.030351176920519366,0.0001247308640569289,Direct GHG: [仿真-Python-AAO-default]. Indirect: [真实活动数据]/[估算].
plt_260683fd,P017,6月,6,9572900.0,0.465866,[估算-回归],451745.15099999995,0.047189999999999996,267.08390999999995,2.7899999999999997e-05,452012.23490999994,0.04721789999999999,[仿真-Python-AAO-default],4459688.6314,2591079.0948434,0.270668146,0.581,[真实活动数据],83762.875,0.0,21060.38,104823.255,0.01095,0.9572900000000001,430.7805000000001,4.500000000000001e-05,landfill,3148345.3652534,0.328881046,0.14348652977709148,8.483310406401467e-05,0.8229970966463054,0.0332947128853391,0.0001368275872000237,Direct GHG: [仿真-Python-AAO-default]. Indirect: [真实活动数据]/[估算].
plt_ca8d9acc,P018,1月,1,680400.0000000001,0.480804,[估算-回归],32108.076,0.047189999999999996,18.98316,2.7899999999999997e-05,32127.05916,0.04721789999999999,[仿真-Python-AAO-default],327139.04160000006,190067.7831696,0.27934712399999995,0.581,[真实活动数据],5953.500000000001,0.0,1496.8800000000003,7450.380000000001,0.01095,0.06804000000000002,30.61800000000001,4.5e-05,landfill,229675.8403296,0.33756002399999996,0.13979735941718027,8.265196710615237e-05,0.8275480037292567,0.03243867526209206,0.0001333096243647619,Direct GHG: [仿真-Python-AAO-default]. Indirect: [真实活动数据]/[估算].
plt_ca8d9acc,P018,2月,2,597500.0,0.44798799999999994,[估算-回归],28196.024999999998,0.047189999999999996,16.67025,2.7899999999999997e-05,28212.695249999997,0.04721789999999999,[仿真-Python-AAO-default],267672.82999999996,155517.91422999997,0.26028102799999997,0.581,[真实活动数据],5228.125,0.0,1314.5,6542.625,0.01095,0.05975,26.8875,4.4999999999999996e-05,landfill,190300.12197999997,0.3184939279999999,0.14816608999842534,8.759978620377342e-05,0.8172244589856043,0.0343805612520186,0.00014128997774802163,Direct GHG: [仿真-Python-AAO-default]. Indirect: [真实活动数据]/[估算].
plt_ca8d9acc,P018,3月,3,790600.0,0.482312,[估算-回归],37308.414,0.047189999999999996,22.05774,2.7899999999999997e-05,37330.47173999999,0.04721789999999999,[仿真-Python-AAO-default],381315.86720000004,221544.5188432,0.280223272,0.581,[真实活动数据],6917.75,0.0,1739.3200000000002,8657.07,0.01095,0.07906,35.577000000000005,4.500000000000001e-05,landfill,267567.6375832,0.338436172,0.13943545017995299,8.243799660988955e-05,0.8279944497185721,0.032354697594203966,0.0001329645106611122,Direct GHG: [仿真-Python-AAO-default]. Indirect: [真实活动数据]/[估算].
plt_ca8d9acc,P018,4月,4,914700.0,0.48387600000000003,[估算-回归],43164.693,0.047189999999999996,25.520129999999998,2.7899999999999997e-05,43190.21313,0.04721789999999999,[仿真-Python-AAO-default],442601.37720000005,257151.4001532,0.281131956,0.581,[真实活动数据],8003.624999999999,0.0,2012.3400000000004,10015.965,0.01095,0.09147,41.1615,4.4999999999999996e-05,landfill,310398.7397832,0.33934485600000003,0.13906207554240926,8.221724745991138e-05,0.8284550392595312,0.03226805948695447,0.00013260846364501836,Direct GHG: [仿真-Python-AAO-default]. Indirect: [真实活动数据]/[估算].
plt_ca8d9acc,P018,5月,5,1146200.0,0.470088,[估算-回归],54089.17799999999,0.047189999999999996,31.978979999999996,2.7899999999999997e-05,54121.15697999999,0.04721789999999999,[仿真-Python-AAO-default],538814.8656,313051.4369136,0.273121128,0.581,[真实活动数据],10029.25,0.0,2521.6400000000003,12550.89,0.01095,0.11462,51.579,4.5e-05,landfill,379775.0628936,0.331334028,0.14242424867994538,8.420505484574013e-05,0.8243075112104091,0.03304822045020984,0.00013581460458990345,Direct GHG: [仿真-Python-AAO-default]. Indirect: [真实活动数据]/[估算].
plt_ca8d9acc,P018,6月,6,1365400.0,0.46645000000000003,[估算-回归],64433.225999999995,0.047189999999999996,38.09466,2.7899999999999997e-05,64471.32066,0.0472179,[仿真-Python-AAO-default],636890.8300000001,370033.57223,0.27100745,0.581,[真实活动数据],11947.25,0.0,3003.8800000000006,14951.130000000001,0.010950000000000001,0.13654000000000002,61.44300000000001,4.500000000000001e-05,landfill,449517.46589000005,0.32922035000000005,0.143338648415871,8.474567261713923e-05,0.8231795209500262,0.0332603983927482,0.00013668656873732138,Direct GHG: [仿真-Python-AAO-default]. Indirect: [真实活动数据]/[估算].
plt_d9f69e22,P019,1月,1,3742700.0,0.630824,[估算-回归],176618.01299999998,0.047189999999999996,104.42132999999998,2.7899999999999997e-05,176722.43433,0.0472179,[仿真-Python-AAO-default],2360984.9848,1371732.2761688,0.366508744,0.581,[真实活动数据],32748.624999999996,0.0,8233.94,40982.564999999995,0.010949999999999998,0.37427000000000005,168.42150000000004,4.500000000000001e-05,landfill,1589605.6969988,0.42472164399999995,0.11110806493299408,6.569008289108995e-05,0.8629387015652068,0.0257815916723095,0.00010595174659853221,Direct GHG: [仿真-Python-AAO-default]. Indirect: [真实活动数据]/[估算].
plt_d9f69e22,P019,2月,2,2650899.9999999995,0.569876,[估算-回归],125095.97099999996,0.047189999999999996,73.96010999999999,2.7899999999999997e-05,125169.93110999996,0.04721789999999999,[仿真-Python-AAO-default],1510684.2884,877707.5715604,0.331097956,0.581,[真实活动数据],23195.374999999993,0.0,5831.98,29027.354999999992,0.01095,0.26509,119.2905,4.5e-05,landfill,1032024.1481704,0.38931085600000004,0.12121418982469882,7.166509633628094e-05,0.8504719323830003,0.02812662383090596,0.00011558886505851766,Direct GHG: [仿真-Python-AAO-default]. Indirect: [真实活动数据]/[估算].
plt_d9f69e22,P019,3月,3,3838600.0,0.62336,[估算-回归],181143.53399999999,0.047189999999999996,107.09693999999999,2.7899999999999997e-05,181250.63093999997,0.04721789999999999,[仿真-Python-AAO-default],2392829.696,1390234.053376,0.36217215999999997,0.581,[真实活动数据],33587.75,0.0,8444.92,42032.67,0.01095,0.38386000000000003,172.73700000000002,4.5e-05,landfill,1613690.0913159999,0.42038506,0.11225422711263812,6.63677248663404e-05,0.8615248125135561,0.02604754793141317,0.0001070447175263555,Direct GHG: [仿真-Python-AAO-default]. Indirect: [真实活动数据]/[估算].
plt_d9f69e22,P019,4月,4,3735800.0,0.573248,[估算-回归],176292.40199999997,0.047189999999999996,104.22881999999998,2.7899999999999997e-05,176396.63081999996,0.04721789999999999,[仿真-Python-AAO-default],2141539.8784,1244234.6693503999,0.33305708799999995,0.581,[真实活动数据],32688.249999999996,0.0,8218.76,40907.009999999995,0.010949999999999998,0.37358,168.11100000000002,4.5e-05,landfill,1461706.4211703998,0.39126998799999996,0.12060725700229274,7.130626129188319e-05,0.8512206359154744,0.02798579072208319,0.00011501009885787615,Direct GHG: [仿真-Python-AAO-default]. Indirect: [真实活动数据]/[估算].
plt_d9f69e22,P019,5月,5,4081100.0,0.506312,[估算-回归],192587.109,0.047189999999999996,113.86268999999999,2.7899999999999997e-05,192700.97169,0.0472179,[仿真-Python-AAO-default],2066309.9031999998,1200526.0537591998,0.2941672719999999,0.581,[真实活动数据],35709.625,0.0,8978.42,44688.045,0.01095,0.40811000000000003,183.64950000000002,4.5e-05,landfill,1438098.7199491998,0.35238017199999994,0.13391786414134563,7.917585101808737e-05,0.8348008638806158,0.03107439314150741,0.00012770298551304416,Direct GHG: [仿真-Python-AAO-default]. Indirect: [真实活动数据]/[估算].
plt_d9f69e22,P019,6月,6,4050899.9999999995,0.464604,[估算-回归],191161.97099999996,0.047189999999999996,113.02010999999997,2.7899999999999997e-05,191274.99110999997,0.0472179,[仿真-Python-AAO-default],1882064.3435999998,1093479.3836315998,0.26993492399999997,0.581,[真实活动数据],35445.375,0.0,8911.98,44357.354999999996,0.01095,0.40508999999999995,182.29049999999998,4.5e-05,landfill,1329294.0202415998,0.328147824,0.14380713979684961,8.502265734969493e-05,0.8226015967730446,0.03336910745445017,0.00013713331830595958,Direct GHG: [仿真-Python-AAO-default]. Indirect: [真实活动数据]/[估算].
plt_cf06cfc9,P020,1月,1,4660500.0,0.489284,[估算-回归],219928.99499999997,0.047189999999999996,130.02794999999998,2.7899999999999997e-05,220059.02294999996,0.04721789999999999,[仿真-Python-AAO-default],2280308.082,1324858.9956419999,0.28427400399999997,0.581,[真实活动数据],40779.375,0.0,10253.1,51032.475,0.01095,0.46605,209.7225,4.4999999999999996e-05,landfill,1596160.2160919998,0.342486904,0.1377862903627988,8.146296887311054e-05,0.8300288293651077,0.03197202541794124,0.00013139188527921058,Direct GHG: [仿真-Python-AAO-default]. Indirect: [真实活动数据]/[估算].
plt_cf06cfc9,P020,2月,2,3859200.0,0.48141,[估算-回归],182115.648,0.047189999999999996,107.67168,2.7899999999999997e-05,182223.31968,0.04721789999999999,[仿真-Python-AAO-default],1857857.472,1079415.191232,0.27969921,0.581,[真实活动数据],33768.0,0.0,8490.240000000002,42258.240000000005,0.010950000000000001,0.38592000000000004,173.66400000000002,4.5e-05,landfill,1304070.414912,0.33791211000000004,0.1396516981886207,8.256584826154943e-05,0.8277276893095071,0.03240487593060811,0.0001331707230024991,Direct GHG: [仿真-Python-AAO-default]. Indirect: [真实活动数据]/[估算].
plt_cf06cfc9,P020,3月,3,5217800.0,0.45650399999999997,[估算-回归],246227.982,0.047189999999999996,145.57662,2.7899999999999997e-05,246373.55862,0.0472179,[仿真-Python-AAO-default],2381946.5711999997,1383910.9578671998,0.265228824,0.581,[真实活动数据],45655.75,0.0,11479.160000000002,57134.91,0.010950000000000001,0.52178,234.80100000000002,4.5e-05,landfill,1687654.2274871997,0.32344172399999993,0.14589954386960913,8.625974303797615e-05,0.8200204374374408,0.03385463033210892,0.00013912861780318735,Direct GHG: [仿真-Python-AAO-default]. Indirect: [真实活动数据]/[估算].
plt_cf06cfc9,P020,4月,4,4826200.0,0.458016,[估算-回归],227748.37799999997,0.047189999999999996,134.65097999999998,2.7899999999999997e-05,227883.02897999997,0.04721789999999999,[仿真-Python-AAO-default],2210476.8192,1284287.0319551998,0.26610729599999994,0.581,[真实活动数据],42229.25,0.0,10617.640000000001,52846.89,0.01095,0.48262,217.179,4.5e-05,landfill,1565234.1299351996,0.32432019599999995,0.1455043521248982,8.60260950261636e-05,0.8205079402455714,0.033762929768333026,0.00013875176617123163,Direct GHG: [仿真-Python-AAO-default]. Indirect: [真实活动数据]/[估算].
plt_cf06cfc9,P020,5月,5,5542500.0,0.385542,[估算-回归],261550.57499999998,0.047189999999999996,154.63574999999997,2.7899999999999997e-05,261705.21074999997,0.04721789999999999,[仿真-Python-AAO-default],2136866.535,1241519.456835,0.223999902,0.581,[真实活动数据],48496.875,0.0,12193.500000000002,60690.375,0.01095,0.55425,249.41250000000002,4.5e-05,landfill,1564164.455085,0.282212802,0.16721424281808447,9.88615675911116e-05,0.7937269337625584,0.03880050771049004,0.0001594541412759865,Direct GHG: [仿真-Python-AAO-default]. Indirect: [真实活动数据]/[估算].
plt_cf06cfc9,P020,6月,6,6106200.0,0.351618,[估算-回归],288151.578,0.047189999999999996,170.36298,2.7899999999999997e-05,288321.94097999996,0.04721789999999999,[仿真-Python-AAO-default],2147049.8315999997,1247435.9521595996,0.20429005799999994,0.581,[真实活动数据],53429.25,0.0,13433.640000000001,66862.89,0.01095,0.61062,274.77900000000005,4.500000000000001e-05,landfill,1602895.5621395996,0.26250295799999995,0.17976940282707218,0.00010628451661104713,0.7782390703574471,0.04171381565917441,0.00017142663969523734,Direct GHG: [仿真-Python-AAO-default]. Indirect: [真实活动数据]/[估算].
plt_00db38f5,P021,1月,1,756300.0,0.499614,[估算-回归],35689.797,0.047189999999999996,21.100769999999997,2.7899999999999997e-05,35710.897769999996,0.04721789999999999,[仿真-Python-AAO-default],377858.0682,219535.53762419996,0.29027573399999995,0.581,[真实活动数据],6617.625,0.0,1663.8600000000004,8281.485,0.010950000000000001,0.07563,34.033500000000004,4.5e-05,landfill,263561.9538942,0.34848863399999996,0.13541331164332895,8.005999989084292e-05,0.832956101518077,0.031421397806621156,0.00012912903208200474,Direct GHG: [仿真-Python-AAO-default]. Indirect: [真实活动数据]/[估算].
plt_00db38f5,P021,2月,2,489300.0,0.42430599999999996,[估算-回归],23090.067,0.047189999999999996,13.651469999999998,2.7899999999999997e-05,23103.71847,0.0472179,[仿真-Python-AAO-default],207612.92579999997,120623.10988979998,0.24652178599999997,0.581,[真实活动数据],4281.375,0.0,1076.46,5357.835,0.01095,0.04893,22.0185,4.4999999999999996e-05,landfill,149106.68185979998,0.304734686,0.15485601793292414,9.155505192474216e-05,0.8089718608534113,0.0359328967231515,0.00014766943858829384,Direct GHG: [仿真-Python-AAO-default]. Indirect: [真实活动数据]/[估算].
plt_00db38f5,P021,3月,3,746700.0,0.43528599999999995,[估算-回归],35236.772999999994,0.047189999999999996,20.832929999999998,2.7899999999999997e-05,35257.60592999999,0.047217899999999986,[仿真-Python-AAO-default],325028.0562,188841.30065219998,0.25290116599999996,0.581,[真实活动数据],6533.625,0.0,1642.7400000000002,8176.365,0.01095,0.07467,33.6015,4.5e-05,landfill,232308.87308219995,0.3111140659999999,0.1516807022155019,8.9677719682401e-05,0.812888884297504,0.03519609428395308,0.0001446414833587113,Direct GHG: [仿真-Python-AAO-default]. Indirect: [真实活动数据]/[估算].
plt_00db38f5,P021,4月,4,877600.0,0.418804,[估算-回归],41413.943999999996,0.047189999999999996,24.485039999999998,2.7899999999999997e-05,41438.429039999995,0.04721789999999999,[仿真-Python-AAO-default],367542.39040000003,213542.1288224,0.243325124,0.581,[真实活动数据],7678.999999999999,0.0,1930.7200000000003,9609.72,0.01095,0.08776,39.492000000000004,4.5e-05,landfill,264629.7698624,0.301538024,0.1564976760609136,9.252564446068001e-05,0.8069467351818953,0.0363138282023099,0.00014923491042045166,Direct GHG: [仿真-Python-AAO-default]. Indirect: [真实活动数据]/[估算].
plt_00db38f5,P021,5月,5,1067000.0,0.35392199999999996,[估算-回归],50351.729999999996,0.047189999999999996,29.769299999999998,2.7899999999999997e-05,50381.499299999996,0.04721789999999999,[仿真-Python-AAO-default],377634.774,219405.80369399997,0.20562868199999998,0.581,[真实活动数据],9336.25,0.0,2347.4,11683.65,0.01095,0.1067,48.015,4.5e-05,landfill,281518.967994,0.263841582,0.17885732659077216,0.00010574527255525628,0.7793641943823698,0.04150217686308445,0.0001705568912181553,Direct GHG: [仿真-Python-AAO-default]. Indirect: [真实活动数据]/[估算].
plt_00db38f5,P021,6月,6,1278900.0,0.291458,[估算-回归],60351.291,0.047189999999999996,35.681309999999996,2.7899999999999997e-05,60386.97231,0.0472179,[仿真-Python-AAO-default],372745.6362,216565.2146322,0.169337098,0.581,[真实活动数据],11190.375,0.0,2813.5800000000004,14003.955,0.01095,0.12789,57.55050000000001,4.5e-05,landfill,291013.69244220003,0.22754999800000003,0.20738299457159298,0.00012261041637099903,0.7441753438292712,0.048121292446682416,0.00019775873608225653,Direct GHG: [仿真-Python-AAO-default]. Indirect: [真实活动数据]/[估算].
plt_adb30b73,P022,1月,1,1339700.0,0.5910280000000001,[估算-回归],63220.44299999999,0.047189999999999996,37.377629999999996,2.7899999999999997e-05,63257.820629999995,0.04721789999999999,[仿真-Python-AAO-default],791800.2116000002,460035.9229396001,0.3433872680000001,0.581,[真实活动数据],11722.375,0.0,2947.34,14669.715,0.01095,0.13397,60.286500000000004,4.5e-05,landfill,538023.7450696001,0.40160016800000004,0.11750493092423206,6.947208249175831e-05,0.8550476203984059,0.027265924848915896,0.0001120517459544489,Direct GHG: [仿真-Python-AAO-default]. Indirect: [真实活动数据]/[估算].
plt_adb30b73,P022,2月,2,910800.0,0.551806,[估算-回归],42980.651999999995,0.047189999999999996,25.411319999999996,2.7899999999999997e-05,43006.063319999994,0.04721789999999999,[仿真-Python-AAO-default],502584.9048,292001.8296888,0.320599286,0.581,[真实活动数据],7969.499999999999,0.0,2003.7600000000002,9973.259999999998,0.010949999999999998,0.09108,40.986000000000004,4.5e-05,landfill,345022.1390088,0.378812186,0.12457360598214758,7.365127372116798e-05,0.8463278053045526,0.02890614506260894,0.00011879237696962581,Direct GHG: [仿真-Python-AAO-default]. Indirect: [真实活动数据]/[估算].
plt_adb30b73,P022,3月,3,1163700.0,0.57037,[估算-回归],54915.003,0.047189999999999996,32.467229999999994,2.7899999999999997e-05,54947.47023,0.0472179,[仿真-Python-AAO-default],663739.569,385632.68958899996,0.33138496999999995,0.581,[真实活动数据],10182.375,0.0,2560.1400000000003,12742.515,0.01095,0.11637,52.3665,4.5e-05,landfill,453375.04131899995,0.38959786999999996,0.12112489218691058,7.16123011658149e-05,0.8505820886546428,0.028105903145723053,0.00011550371155776598,Direct GHG: [仿真-Python-AAO-default]. Indirect: [真实活动数据]/[估算].
plt_adb30b73,P022,4月,4,1365000.0,0.5622440000000001,[估算-回归],64414.34999999999,0.047189999999999996,38.083499999999994,2.7899999999999997e-05,64452.43349999999,0.04721789999999999,[仿真-Python-AAO-default],767463.06,445896.03786,0.32666376399999997,0.581,[真实活动数据],11943.75,0.0,3003.0000000000005,14946.75,0.01095,0.1365,61.425000000000004,4.5e-05,landfill,525356.64636,0.38487666400000003,0.1226107073096019,7.249075511629356e-05,0.8487492086555811,0.028450672706932422,0.00011692057276821544,Direct GHG: [仿真-Python-AAO-default]. Indirect: [真实活动数据]/[估算].
plt_adb30b73,P022,5月,5,1812000.0,0.48692599999999997,[估算-回归],85508.28,0.047189999999999996,50.55479999999999,2.7899999999999997e-05,85558.8348,0.0472179,[仿真-Python-AAO-default],882309.9119999999,512622.0588719999,0.28290400599999993,0.581,[真实活动数据],15854.999999999998,0.0,3986.4000000000005,19841.399999999998,0.010949999999999998,0.18120000000000003,81.54000000000002,4.500000000000001e-05,landfill,618103.833672,0.341116906,0.1383396693918184,8.179014147132302e-05,0.8293461890159145,0.032100431867777314,0.000131919583018263,Direct GHG: [仿真-Python-AAO-default]. Indirect: [真实活动数据]/[估算].
plt_adb30b73,P022,6月,6,2108700.0,0.40760799999999997,[估算-回归],99509.55299999999,0.047189999999999996,58.83272999999999,2.7899999999999997e-05,99568.38572999998,0.04721789999999999,[仿真-Python-AAO-default],859522.9896,499382.8569575999,0.23682024799999996,0.581,[真实活动数据],18451.125,0.0,4639.14,23090.265,0.01095,0.21087,94.89150000000001,4.5e-05,landfill,622136.3991876,0.295033148,0.15994812894719204,9.456564521353375e-05,0.8026903065143038,0.03711447365907508,0.00015252523421537705,Direct GHG: [仿真-Python-AAO-default]. Indirect: [真实活动数据]/[估算].
plt_069b9c27,P023,1月,1,1259200.0,0.51765,[估算-回归],59421.647999999994,0.047189999999999996,35.131679999999996,2.7899999999999997e-05,59456.77967999999,0.04721789999999999,[仿真-Python-AAO-default],651824.8800000001,378710.25528000004,0.30075465,0.581,[真实活动数据],11018.0,0.0,2770.2400000000002,13788.24,0.01095,0.12592,56.66400000000001,4.500000000000001e-05,landfill,452011.93896,0.35896755,0.13146035066400846,7.772290280834575e-05,0.8378324168855932,0.030504150026931402,0.00012535952065862222,Direct GHG: [仿真-Python-AAO-default]. Indirect: [真实活动数据]/[估算].
plt_069b9c27,P023,2月,2,889700.0,0.48120999999999997,[估算-回归],41984.943,0.047189999999999996,24.822629999999997,2.7899999999999997e-05,42009.76563,0.0472179,[仿真-Python-AAO-default],428132.53699999995,248745.00399699996,0.27958300999999997,0.581,[真实活动数据],7784.874999999999,0.0,1957.3400000000001,9742.215,0.01095,0.08897,40.0365,4.4999999999999996e-05,landfill,300537.021127,0.33779591,0.13969973763151838,8.259425047508715e-05,0.8276684285490608,0.03241602303592131,0.00013321653302433414,Direct GHG: [仿真-Python-AAO-default]. Indirect: [真实活动数据]/[估算].
plt_069b9c27,P023,3月,3,1453100.0,0.48636199999999996,[估算-回归],68571.78899999999,0.047189999999999996,40.541489999999996,2.7899999999999997e-05,68612.33049,0.04721789999999999,[仿真-Python-AAO-default],706732.6222,410611.65349819994,0.28257632199999994,0.581,[真实活动数据],12714.625,0.0,3196.8200000000006,15911.445,0.01095,0.14531,65.3895,4.4999999999999996e-05,landfill,495200.81848819996,0.34078922199999995,0.13847268913921226,8.186878633151139e-05,0.8291820977835971,0.0321312978612921,0.00013204642956695387,Direct GHG: [仿真-Python-AAO-default]. Indirect: [真实活动数据]/[估算].
plt_069b9c27,P023,4月,4,1441399.9999999998,0.478588,[估算-回归],68019.66599999998,0.047189999999999996,40.21505999999999,2.7899999999999997e-05,68059.88105999999,0.0472179,[仿真-Python-AAO-default],689836.7431999999,400795.1477991999,0.278059628,0.581,[真实活动数据],12612.249999999996,0.0,3171.08,15783.329999999996,0.01095,0.14414,64.863,4.500000000000001e-05,landfill,484703.2218591999,0.336272528,0.14033260546338772,8.29684189961542e-05,0.8268877319648306,0.03256287412214654,0.00013382003063895843,Direct GHG: [仿真-Python-AAO-default]. Indirect: [真实活动数据]/[估算].
plt_069b9c27,P023,5月,5,1797800.0,0.39212,[估算-回归],84838.18199999999,0.047189999999999996,50.15861999999999,2.7899999999999997e-05,84888.34061999999,0.04721789999999999,[仿真-Python-AAO-default],704953.336,409577.888216,0.22782172,0.581,[真实活动数据],15730.749999999998,0.0,3955.1600000000003,19685.91,0.01095,0.17978,80.901,4.4999999999999996e-05,landfill,514233.03983599995,0.28603461999999996,0.1649800293405043,9.75406403602473e-05,0.7964830271244789,0.03828207928117233,0.00015732361348426985,Direct GHG: [仿真-Python-AAO-default]. Indirect: [真实活动数据]/[估算].
plt_069b9c27,P023,6月,6,2050600.0,0.345356,[估算-回归],96767.814,0.047189999999999996,57.21173999999999,2.7899999999999997e-05,96825.02574,0.0472179,[仿真-Python-AAO-default],708187.0136,411456.6549015999,0.20065183599999997,0.581,[真实活动数据],17942.75,0.0,4511.320000000001,22454.07,0.01095,0.20506,92.277,4.5e-05,landfill,530828.0276415999,0.25886473599999993,0.1822959771546481,0.00010777829545697565,0.7751223248886244,0.04230008370085604,0.0001738359604144769,Direct GHG: [仿真-Python-AAO-default]. Indirect: [真实活动数据]/[估算].
plt_39b38359,P024,1月,1,2896600.0000000005,0.49408,[估算-回归],136690.554,0.047189999999999996,80.81514,2.7899999999999997e-05,136771.36914,0.04721789999999999,[仿真-Python-AAO-default],1431152.1280000003,831499.3863680001,0.28706047999999995,0.581,[真实活动数据],25345.250000000004,0.0,6372.520000000001,31717.770000000004,0.01095,0.2896600000000001,130.34700000000004,4.5e-05,landfill,1000118.872508,0.34527337999999996,0.13667430718232607,8.080553444346043e-05,0.8314005556987916,0.031714000077272105,0.0001303315071668717,Direct GHG: [仿真-Python-AAO-default]. Indirect: [真实活动数据]/[估算].
plt_39b38359,P024,2月,2,1913600.0000000002,0.427488,[估算-回归],90302.784,0.047189999999999996,53.38944,2.7899999999999997e-05,90356.17344,0.04721789999999999,[仿真-Python-AAO-default],818041.0368,475281.8423808,0.24837052799999998,0.581,[真实活动数据],16744.0,0.0,4209.920000000001,20953.920000000002,0.01095,0.19136000000000003,86.11200000000002,4.500000000000001e-05,landfill,586678.0478208,0.30658342799999994,0.1539222139560655,9.100296184306478e-05,0.8101237879041525,0.03571621620722436,0.00014677897071462066,Direct GHG: [仿真-Python-AAO-default]. Indirect: [真实活动数据]/[估算].
plt_39b38359,P024,3月,3,2856300.0,0.47392,[估算-回归],134788.797,0.047189999999999996,79.69076999999999,2.7899999999999997e-05,134868.48776999998,0.04721789999999999,[仿真-Python-AAO-default],1353657.696,786475.121376,0.27534752,0.581,[真实活动数据],24992.625,0.0,6283.860000000001,31276.485,0.01095,0.28563,128.5335,4.5e-05,landfill,952748.627646,0.33356042,0.14147361968185554,8.364301735799468e-05,0.8254801933634692,0.032827635844804366,0.00013490809251289466,Direct GHG: [仿真-Python-AAO-default]. Indirect: [真实活动数据]/[估算].
plt_39b38359,P024,4月,4,2993399.9999999995,0.4363,[估算-回归],141258.54599999997,0.047189999999999996,83.51585999999998,2.7899999999999997e-05,141342.06186,0.0472179,[仿真-Python-AAO-default],1306020.42,758797.8640199999,0.2534903,0.581,[真实活动数据],26192.249999999993,0.0,6585.48,32777.729999999996,0.01095,0.29934,134.703,4.500000000000001e-05,landfill,933052.3588799998,0.3117032,0.15139401841238717,8.950822449047682e-05,0.8132425332816602,0.03512957197744521,0.00014436810401689815,Direct GHG: [仿真-Python-AAO-default]. Indirect: [真实活动数据]/[估算].
plt_39b38359,P024,5月,5,3537400.0,0.390232,[估算-回归],166929.906,0.047189999999999996,98.69345999999999,2.7899999999999997e-05,167028.59946,0.0472179,[仿真-Python-AAO-default],1380406.6768,802016.2792207999,0.22672479199999998,0.581,[真实活动数据],30952.249999999996,0.0,7782.280000000001,38734.53,0.01095,0.35374,159.183,4.4999999999999996e-05,landfill,1007938.5916807998,0.28493769199999996,0.16561515490902481,9.791614371607951e-05,0.7956995454290408,0.03842945425416024,0.00015792926405819278,Direct GHG: [仿真-Python-AAO-default]. Indirect: [真实活动数据]/[估算].
plt_39b38359,P024,6月,6,4004200.0,0.341886,[估算-回归],188958.19799999997,0.047189999999999996,111.71717999999998,2.7899999999999997e-05,189069.91517999998,0.04721789999999999,[仿真-Python-AAO-default],1368979.9212,795377.3342171999,0.198635766,0.581,[真实活动数据],35036.75,0.0,8809.240000000002,43845.990000000005,0.010950000000000001,0.40042,180.18900000000002,4.5e-05,landfill,1028473.4283972,0.256848666,0.1837268642851351,0.00010862427449788662,0.7733572032645869,0.04263210773304153,0.00017520044273852686,Direct GHG: [仿真-Python-AAO-default]. Indirect: [真实活动数据]/[估算].
plt_0c2a2ebf,P025,1月,1,848700.0,0.459274,[估算-回归],40050.153,0.047189999999999996,23.678729999999998,2.7899999999999997e-05,40073.83173,0.0472179,[仿真-Python-AAO-default],389785.84380000003,226465.5752478,0.26683819400000003,0.581,[真实活动数据],7426.124999999999,0.0,1867.1400000000003,9293.265,0.01095,0.08487,38.191500000000005,4.5e-05,landfill,275870.86347780004,0.32505109400000004,0.14517717636108,8.583265989561627e-05,0.8209115395255367,0.0336870116794623,0.00013843977402518755,Direct GHG: [仿真-Python-AAO-default]. Indirect: [真实活动数据]/[估算].
plt_0c2a2ebf,P025,2月,2,632200.0,0.42733199999999993,[估算-回归],29833.517999999996,0.047189999999999996,17.638379999999998,2.7899999999999997e-05,29851.156379999997,0.04721789999999999,[仿真-Python-AAO-default],270159.29039999994,156962.54772239996,0.24827989199999995,0.581,[真实活动数据],5531.75,0.0,1390.8400000000001,6922.59,0.01095,0.06322000000000001,28.449000000000005,4.500000000000001e-05,landfill,193764.74310239995,0.3064927919999999,0.15396773180884465,9.102987322455533e-05,0.810067637740727,0.03572677820103516,0.00014682237616863767,Direct GHG: [仿真-Python-AAO-default]. Indirect: [真实活动数据]/[估算].
plt_0c2a2ebf,P025,3月,3,787000.0,0.479738,[估算-回归],37138.53,0.047189999999999996,21.957299999999996,2.7899999999999997e-05,37160.4873,0.0472179,[仿真-Python-AAO-default],377553.806,219358.76128599996,0.278727778,0.581,[真实活动数据],6886.25,0.0,1731.4,8617.65,0.01095,0.0787,35.415,4.4999999999999996e-05,landfill,265172.31358599995,0.33694067799999994,0.14005432730802544,8.280389344975438e-05,0.827231011863756,0.03249830226791436,0.00013355466685444257,Direct GHG: [仿真-Python-AAO-default]. Indirect: [真实活动数据]/[估算].
plt_0c2a2ebf,P025,4月,4,766800.0000000001,0.474104,[估算-回归],36185.292,0.047189999999999996,21.393720000000002,2.7899999999999997e-05,36206.68572,0.04721789999999999,[仿真-Python-AAO-default],363542.94720000005,211218.4523232,0.275454424,0.581,[真实活动数据],6709.500000000001,0.0,1686.9600000000005,8396.460000000001,0.01095,0.07668000000000003,34.506000000000014,4.500000000000001e-05,landfill,255856.1040432,0.33366732399999993,0.141428292810596,8.361621888992643e-05,0.8255361079348603,0.032817118166476505,0.00013486486917730075,Direct GHG: [仿真-Python-AAO-default]. Indirect: [真实活动数据]/[估算].
plt_0c2a2ebf,P025,5月,5,999200.0,0.384442,[估算-回归],47152.24799999999,0.047189999999999996,27.877679999999998,2.7899999999999997e-05,47180.12567999999,0.04721789999999999,[仿真-Python-AAO-default],384134.4464,223182.1133584,0.223360802,0.581,[真实活动数据],8743.0,0.0,2198.2400000000002,10941.24,0.01095,0.09992,44.964,4.4999999999999996e-05,landfill,281348.4430384,0.281573702,0.1675937762113878,9.908595796350329e-05,0.7932587468697628,0.03888857489965452,0.0001598160612314569,Direct GHG: [仿真-Python-AAO-default]. Indirect: [真实活动数据]/[估算].
plt_0c2a2ebf,P025,6月,6,1252400.0,0.34845000000000004,[估算-回归],59100.755999999994,0.047189999999999996,34.941959999999995,2.7899999999999997e-05,59135.69795999999,0.04721789999999999,[仿真-Python-AAO-default],436398.78,253547.69118,0.20244945,0.581,[真实活动数据],10958.5,0.0,2755.28,13713.78,0.01095,0.12524000000000002,56.35800000000001,4.500000000000001e-05,landfill,326453.52714,0.26066235000000004,0.18103880364770744,0.0001070350205927323,0.7766731559045639,0.04200836829714763,0.00017263712998827796,Direct GHG: [仿真-Python-AAO-default]. Indirect: [真实活动数据]/[估算].
plt_7be889f0,P026,1月,1,922200.0,0.378412,[估算-回归],43518.617999999995,0.047189999999999996,25.72938,2.7899999999999997e-05,43544.34737999999,0.04721789999999999,[仿真-Python-AAO-default],348971.54640000005,202752.46845840002,0.21985737200000002,0.581,[真实活动数据],8069.249999999999,0.0,2028.8400000000004,10098.09,0.01095,0.09222,41.499,4.5e-05,landfill,256436.40483840002,0.278070272,0.16970530384492158,0.00010033435001638722,0.7906539969867761,0.03937853522148531,0.00016182959680062454,Direct GHG: [仿真-Python-AAO-default]. Indirect: [真实活动数据]/[估算].
plt_7be889f0,P026,2月,2,752300.0,0.33875000000000005,[估算-回归],35501.037,0.047189999999999996,20.989169999999998,2.7899999999999997e-05,35522.02617,0.04721789999999999,[仿真-Python-AAO-default],254841.62500000003,148062.98412500002,0.19681375,0.581,[真实活动数据],6582.625,0.0,1655.0600000000002,8237.685,0.01095,0.07523,33.853500000000004,4.5e-05,landfill,191856.548795,0.25502665,0.18503948508910734,0.00010940033129870935,0.7717379732667156,0.04293668916562249,0.00017645214725598286,Direct GHG: [仿真-Python-AAO-default]. Indirect: [真实活动数据]/[估算].
plt_7be889f0,P026,3月,3,1012800.0,0.37068599999999996,[估算-回归],47794.032,0.047189999999999996,28.257119999999997,2.7899999999999997e-05,47822.28912,0.0472179,[仿真-Python-AAO-default],375430.78079999995,218125.28364479996,0.21536856599999996,0.581,[真实活动数据],8862.0,0.0,2228.1600000000003,11090.16,0.01095,0.10128,45.576,4.5e-05,landfill,277083.3087647999,0.2735814659999999,0.17248975484326126,0.00010198059250110169,0.7872191385947176,0.04002464114290551,0.00016448482661468017,Direct GHG: [仿真-Python-AAO-default]. Indirect: [真实活动数据]/[估算].
plt_7be889f0,P026,4月,4,1017400.0,0.38374,[估算-回归],48011.10599999999,0.047189999999999996,28.38546,2.7899999999999997e-05,48039.49145999999,0.04721789999999999,[仿真-Python-AAO-default],390417.076,226832.321156,0.22295294,0.581,[真实活动数据],8902.25,0.0,2238.28,11140.53,0.010950000000000001,0.10174000000000001,45.783,4.5e-05,landfill,286058.125616,0.28116584,0.16783688943151842,9.922969305232813e-05,0.7929588459252376,0.038944987058171794,0.00016004789201988409,Direct GHG: [仿真-Python-AAO-default]. Indirect: [真实活动数据]/[估算].
plt_7be889f0,P026,5月,5,1412000.0,0.32042000000000004,[估算-回归],66632.28,0.047189999999999996,39.3948,2.7899999999999997e-05,66671.6748,0.04721789999999999,[仿真-Python-AAO-default],452433.04000000004,262863.59624,0.18616401999999999,0.581,[真实活动数据],12355.0,0.0,3106.4,15461.4,0.01095,0.14120000000000002,63.54000000000001,4.500000000000001e-05,landfill,345060.21103999997,0.24437691999999997,0.1931033421650457,0.00011416790096216942,0.761790516060191,0.04480783209805574,0.0001841417757454346,Direct GHG: [仿真-Python-AAO-default]. Indirect: [真实活动数据]/[估算].
plt_7be889f0,P026,6月,6,1642000.0,0.256834,[估算-回归],77485.98,0.047189999999999996,45.8118,2.7899999999999997e-05,77531.79179999999,0.04721789999999999,[仿真-Python-AAO-default],421721.428,245020.149668,0.149220554,0.581,[真实活动数据],14367.499999999998,0.0,3612.4,17979.899999999998,0.010949999999999998,0.1642,73.89000000000001,4.500000000000001e-05,landfill,340605.73146800004,0.20743345400000002,0.2274946451019419,0.00013450096627133247,0.7193659032452884,0.0527880136441251,0.00021693704237311695,Direct GHG: [仿真-Python-AAO-default]. Indirect: [真实活动数据]/[估算].
plt_c2be03fd,P027,1月,1,5814400.000000001,0.5547420000000001,[估算-回归],274381.536,0.047189999999999996,162.22176000000002,2.7899999999999997e-05,274543.75776,0.04721789999999999,[仿真-Python-AAO-default],3225491.884800001,1874010.7850688004,0.322305102,0.581,[真实活动数据],50876.00000000001,0.0,12791.680000000004,63667.68000000001,0.01095,0.5814400000000002,261.6480000000001,4.500000000000001e-05,landfill,2212483.870828801,0.3805180020000001,0.12401515763241074,7.332110400390463e-05,0.8470166990943044,0.02877656232411311,0.00011825984516758814,Direct GHG: [仿真-Python-AAO-default]. Indirect: [真实活动数据]/[估算].
plt_c2be03fd,P027,2月,2,3196900.0,0.5204500000000001,[估算-回归],150861.71099999998,0.047189999999999996,89.19350999999999,2.7899999999999997e-05,150950.90451,0.0472179,[仿真-Python-AAO-default],1663826.6050000002,966683.2575050001,0.30238145000000005,0.581,[真实活动数据],27972.875,0.0,7033.180000000001,35006.055,0.01095,0.31969,143.8605,4.5e-05,landfill,1152784.077515,0.36059435,0.1308672750973497,7.737226054706624e-05,0.8385640263082326,0.030366532365246432,0.00012479396862430042,Direct GHG: [仿真-Python-AAO-default]. Indirect: [真实活动数据]/[估算].
plt_c2be03fd,P027,3月,3,5807400.0,0.50469,[估算-回归],274051.20599999995,0.047189999999999996,162.02646,2.7899999999999997e-05,274213.23245999997,0.04721789999999999,[仿真-Python-AAO-default],2930936.706,1702874.2261859998,0.29322488999999996,0.581,[真实活动数据],50814.75,0.0,12776.280000000002,63591.03,0.01095,0.58074,261.333,4.5e-05,landfill,2040939.821646,0.35143779,0.13427696549081986,7.938816141542433e-05,0.8343578816609334,0.03115771926519342,0.0001280454216377812,Direct GHG: [仿真-Python-AAO-default]. Indirect: [真实活动数据]/[估算].
plt_c2be03fd,P027,4月,4,5751100.0,0.477342,[估算-回归],271394.409,0.047189999999999996,160.45568999999998,2.7899999999999997e-05,271554.86468999996,0.04721789999999999,[仿真-Python-AAO-default],2745241.5762,1594985.3557721998,0.27733570199999996,0.581,[真实活动数据],50322.125,0.0,12652.420000000002,62974.545,0.01095,0.57511,258.7995,4.5e-05,landfill,1929773.5649621997,0.3355486019999999,0.1406353646497982,8.314741838799257e-05,0.8265142526208469,0.0326331265716315,0.0001341087393354719,Direct GHG: [仿真-Python-AAO-default]. Indirect: [真实活动数据]/[估算].
plt_c2be03fd,P027,5月,5,6666000.0,0.464554,[估算-回归],314568.54,0.047189999999999996,185.98139999999998,2.7899999999999997e-05,314754.52139999997,0.04721789999999999,[仿真-Python-AAO-default],3096716.964,1799192.556084,0.269905874,0.581,[真实活动数据],58327.49999999999,0.0,14665.2,72992.7,0.01095,0.6666,299.97,4.5e-05,landfill,2187239.7474840004,0.32811877400000006,0.1438198717638753,8.503018483178897e-05,0.8225858908030662,0.033372061788820406,0.00013714545940611127,Direct GHG: [仿真-Python-AAO-default]. Indirect: [真实活动数据]/[估算].
plt_c2be03fd,P027,6月,6,7807900.0,0.409874,[估算-回归],368454.801,0.047189999999999996,217.84041,2.7899999999999997e-05,368672.64141,0.0472179,[仿真-Python-AAO-default],3200255.2046000003,1859348.2738726,0.23813679399999998,0.581,[真实活动数据],68319.125,0.0,17177.38,85496.505,0.010950000000000001,0.7807900000000001,351.35550000000006,4.500000000000001e-05,landfill,2313868.7757826,0.296349694,0.15923755264616538,9.414553335087971e-05,0.8035668631397338,0.03694959104631301,0.0001518476344369028,Direct GHG: [仿真-Python-AAO-default]. Indirect: [真实活动数据]/[估算].
plt_8c33d7b5,P028,1月,1,6386000.0,0.5566099999999999,[估算-回归],301355.33999999997,0.047189999999999996,178.1694,2.7899999999999997e-05,301533.5094,0.0472179,[仿真-Python-AAO-default],3554511.4599999995,2065171.1582599995,0.3233904099999999,0.581,[真实活动数据],55877.5,0.0,14049.2,69926.7,0.01095,0.6386000000000001,287.37,4.5e-05,landfill,2436918.7376599996,0.3816033099999999,0.12366244936397434,7.311257336840187e-05,0.8474517949018837,0.02869471965534052,0.00011792350543290625,Direct GHG: [仿真-Python-AAO-default]. Indirect: [真实活动数据]/[估算].
plt_8c33d7b5,P028,2月,2,3887300.0,0.535304,[估算-回归],183441.68699999998,0.047189999999999996,108.45566999999998,2.7899999999999997e-05,183550.14266999997,0.04721789999999999,[仿真-Python-AAO-default],2080887.2392,1208995.4859751998,0.311011624,0.581,[真实活动数据],34013.875,0.0,8552.060000000001,42565.935,0.01095,0.38873,174.9285,4.5e-05,landfill,1435286.4921451998,0.36922452399999994,0.12780841177277813,7.556377809833672e-05,0.8423373957684349,0.029656751619239682,0.00012187706144893021,Direct GHG: [仿真-Python-AAO-default]. Indirect: [真实活动数据]/[估算].
plt_8c33d7b5,P028,3月,3,6557600.0,0.5350980000000001,[估算-回归],309453.144,0.047189999999999996,182.95703999999998,2.7899999999999997e-05,309636.10104,0.0472179,[仿真-Python-AAO-default],3508958.6448000004,2038704.9726288,0.310891938,0.581,[真实活动数据],57378.99999999999,0.0,14426.720000000001,71805.72,0.01095,0.65576,295.09200000000004,4.500000000000001e-05,landfill,2420441.8856688,0.36910483800000005,0.1278498549509665,7.55882804223769e-05,0.8422862720645238,0.029666368122760828,0.00012191658132641438,Direct GHG: [仿真-Python-AAO-default]. Indirect: [真实活动数据]/[估算].
plt_8c33d7b5,P028,4月,4,6114900.0,0.5217579999999999,[估算-回归],288562.131,0.047189999999999996,170.60571,2.7899999999999997e-05,288732.73670999997,0.04721789999999999,[仿真-Python-AAO-default],3190497.9941999996,1853679.3346301997,0.30314139799999995,0.581,[真实活动数据],53505.375,0.0,13452.780000000002,66958.155,0.01095,0.61149,275.1705,4.5e-05,landfill,2209645.3968401994,0.3613542979999999,0.13059205400678536,7.720954241977774e-05,0.8389035350563342,0.030302669874428898,0.00012453152003189959,Direct GHG: [仿真-Python-AAO-default]. Indirect: [真实活动数据]/[估算].
plt_8c33d7b5,P028,5月,5,7370100.0,0.49131,[估算-回归],347795.019,0.047189999999999996,205.62578999999997,2.7899999999999997e-05,348000.64479,0.0472179,[仿真-Python-AAO-default],3621003.8310000002,2103803.225811,0.28545111,0.581,[真实活动数据],64488.37499999999,0.0,16214.220000000003,80702.595,0.01095,0.7370099999999999,331.6545,4.4999999999999996e-05,landfill,2532838.120101,0.34366401,0.13731434955903585,8.118394474882602e-05,0.8306110087000381,0.031862515949808067,0.00013094184636907425,Direct GHG: [仿真-Python-AAO-default]. Indirect: [真实活动数据]/[估算].
plt_8c33d7b5,P028,6月,6,7731900.000000001,0.434798,[估算-回归],364868.36100000003,0.047189999999999996,215.72001,2.7899999999999997e-05,365084.08101,0.0472179,[仿真-Python-AAO-default],3361814.6562000006,1953214.3152522002,0.252617638,0.581,[真实活动数据],67654.125,0.0,17010.180000000004,84664.30500000001,0.01095,0.7731900000000002,347.93550000000005,4.5e-05,landfill,2403310.6367622004,0.310830538,0.15181905968325415,8.975952034674275e-05,0.8127182085307203,0.035228198845764634,0.00014477341991410122,Direct GHG: [仿真-Python-AAO-default]. Indirect: [真实活动数据]/[估算].
plt_7c23e09d,P029,1月,1,3030100.0,0.5809219999999999,[估算-回归],142990.419,0.047189999999999996,84.53979,2.7899999999999997e-05,143074.95879,0.0472179,[仿真-Python-AAO-default],1760251.7521999998,1022706.2680281998,0.33751568199999993,0.581,[真实活动数据],26513.375,0.0,6666.22,33179.595,0.01095,0.30301,136.35450000000003,4.500000000000001e-05,landfill,1199097.1763181996,0.3957285819999999,0.11924839939916196,7.05028680490913e-05,0.8528969029586042,0.027670480470879923,0.000113714303304986,Direct GHG: [仿真-Python-AAO-default]. Indirect: [真实活动数据]/[估算].
plt_7c23e09d,P029,2月,2,2019400.0,0.529154,[估算-回归],95295.48599999999,0.047189999999999996,56.34125999999999,2.7899999999999997e-05,95351.82725999999,0.04721789999999999,[仿真-Python-AAO-default],1068573.5876,620841.2543956,0.30743847399999996,0.581,[真实活动数据],17669.75,0.0,4442.68,22112.43,0.01095,0.20194,90.873,4.5e-05,landfill,738396.3846556,0.365651374,0.12905735724105333,7.63021883243354e-05,0.840796714741731,0.02994655778320691,0.00012306804568441198,Direct GHG: [仿真-Python-AAO-default]. Indirect: [真实活动数据]/[估算].
plt_7c23e09d,P029,3月,3,3126300.0,0.536224,[估算-回归],147530.09699999998,0.047189999999999996,87.22376999999999,2.7899999999999997e-05,147617.32077,0.0472179,[仿真-Python-AAO-default],1676397.0912000001,973986.7099872,0.31154614399999997,0.581,[真实活动数据],27355.125,0.0,6877.860000000001,34232.985,0.01095,0.31263,140.6835,4.5e-05,landfill,1155977.6992572001,0.36975904400000004,0.1276236532026516,7.545454385153591e-05,0.842565311262542,0.02961388011377485,0.00012170087717989665,Direct GHG: [仿真-Python-AAO-default]. Indirect: [真实活动数据]/[估算].
plt_7c23e09d,P029,4月,4,3052900.0,0.504192,[估算-回归],144066.351,0.047189999999999996,85.17590999999999,2.7899999999999997e-05,144151.52691,0.04721789999999999,[仿真-Python-AAO-default],1539247.7567999999,894302.9467007999,0.29293555199999993,0.581,[真实活动数据],26712.875,0.0,6716.380000000001,33429.255000000005,0.010950000000000001,0.30529,137.3805,4.5e-05,landfill,1072021.1091107999,0.35114845199999994,0.1343876065271676,7.945357537842713e-05,0.8342213964821921,0.03118339248723216,0.0001281509280297212,Direct GHG: [仿真-Python-AAO-default]. Indirect: [真实活动数据]/[估算].
plt_7c23e09d,P029,5月,5,3199000.0,0.480908,[估算-回归],150960.81,0.047189999999999996,89.25209999999998,2.7899999999999997e-05,151050.0621,0.0472179,[仿真-Python-AAO-default],1538424.692,893824.746052,0.279407548,0.581,[真实活动数据],27991.25,0.0,7037.8,35029.05,0.010950000000000001,0.3199,143.955,4.5e-05,landfill,1080047.813152,0.337620448,0.13977233985543433,8.263717486684927e-05,0.827578867497978,0.032432869705806444,0.00013328576591427305,Direct GHG: [仿真-Python-AAO-default]. Indirect: [真实活动数据]/[估算].
plt_7c23e09d,P029,6月,6,3047100.0,0.416356,[估算-回归],143792.64899999998,0.047189999999999996,85.01409,2.7899999999999997e-05,143877.66309,0.04721789999999999,[仿真-Python-AAO-default],1268678.3676,737102.1315755999,0.24190283599999995,0.581,[真实活动数据],26662.125,0.0,6703.62,33365.745,0.010950000000000001,0.30471000000000004,137.11950000000004,4.5000000000000016e-05,landfill,914482.6591656,0.30011573599999997,0.15723933915947677,9.296413567597802e-05,0.8060318303336149,0.036485924216916106,0.00014994215431609362,Direct GHG: [仿真-Python-AAO-default]. Indirect: [真实活动数据]/[估算].
plt_3df3cc1b,P030,1月,1,11365300.0,0.523308,[估算-回归],536328.507,0.047189999999999996,317.09187,2.7899999999999997e-05,536645.59887,0.0472179,[仿真-Python-AAO-default],5947552.4124,3455527.9516044,0.304041948,0.581,[真实活动数据],99446.375,0.0,25003.660000000003,124450.035,0.01095,1.13653,511.43850000000003,4.5e-05,landfill,4117135.0239744,0.362254848,0.13026740776703144,7.70176028120402e-05,0.8393040139520782,0.030227338738058794,0.00012422194001941971,Direct GHG: [仿真-Python-AAO-default]. Indirect: [真实活动数据]/[估算].
plt_3df3cc1b,P030,2月,2,9182500.0,0.444172,[估算-回归],433322.175,0.047189999999999996,256.19174999999996,2.7899999999999997e-05,433578.36675,0.0472179,[仿真-Python-AAO-default],4078609.39,2369672.05559,0.258063932,0.581,[真实活动数据],80346.875,0.0,20201.5,100548.375,0.01095,0.91825,413.21250000000003,4.5e-05,landfill,2904212.00984,0.316276832,0.14920473213795185,8.821385943311837e-05,0.8159432050969829,0.034621568487191626,0.00014228041844051355,Direct GHG: [仿真-Python-AAO-default]. Indirect: [真实活动数据]/[估算].
plt_3df3cc1b,P030,3月,3,11585600.0,0.45769200000000004,[估算-回归],546724.4639999999,0.047189999999999996,323.23823999999996,2.7899999999999997e-05,547047.7022399999,0.04721789999999999,[仿真-Python-AAO-default],5302636.4352,3080831.7688512,0.265919052,0.581,[真实活动数据],101374.0,0.0,25488.320000000003,126862.32,0.010950000000000001,1.15856,521.3520000000001,4.500000000000001e-05,landfill,3755263.1430912,0.324131952,0.1455888557386036,8.60760558403696e-05,0.8204036978125502,0.03378253804487624,0.00013883234812962842,Direct GHG: [仿真-Python-AAO-default]. Indirect: [真实活动数据]/[估算].
plt_3df3cc1b,P030,4月,4,10127900.0,0.45009200000000005,[估算-回归],477935.60099999997,0.047189999999999996,282.56841,2.7899999999999997e-05,478218.16941,0.0472179,[仿真-Python-AAO-default],4558486.7668,2648480.8115108,0.26150345199999997,0.581,[真实活动数据],88619.125,0.0,22281.38,110900.505,0.01095,1.01279,455.75550000000004,4.5e-05,landfill,3238055.2414208,0.319716352,0.1475995822697239,8.72648515644267e-05,0.8179232947084296,0.034249108409694355,0.00014074976058778502,Direct GHG: [仿真-Python-AAO-default]. Indirect: [真实活动数据]/[估算].
plt_3df3cc1b,P030,5月,5,15749900.0,0.445016,[估算-回归],743237.781,0.047189999999999996,439.42220999999995,2.7899999999999997e-05,743677.20321,0.0472179,[仿真-Python-AAO-default],7008957.4984,4072204.3065703996,0.25855429599999996,0.581,[真实活动数据],137811.625,0.0,34649.78,172461.405,0.01095,1.5749900000000001,708.7455,4.5e-05,landfill,4989051.6602804,0.316767196,0.14897375926514814,8.807730204487462e-05,0.8162281298850149,0.03456797338320348,0.00014206016458850746,Direct GHG: [仿真-Python-AAO-default]. Indirect: [真实活动数据]/[估算].
plt_3df3cc1b,P030,6月,6,17029700.0,0.41123,[估算-回归],803631.543,0.047189999999999996,475.12862999999993,2.7899999999999997e-05,804106.67163,0.0472179,[仿真-Python-AAO-default],7003123.5309999995,4068814.7715109996,0.23892462999999997,0.581,[真实活动数据],149009.875,0.0,37465.340000000004,186475.215,0.01095,1.70297,766.3365000000001,4.500000000000001e-05,landfill,5060162.9946409995,0.29713753,0.1588153472232202,9.389591412434505e-05,0.8040876896297818,0.036851622210092416,0.00015144502278120173,Direct GHG: [仿真-Python-AAO-default]. Indirect: [真实活动数据]/[估算].
plt_bde99b98,P031,1月,1,4013300.0,0.538496,[估算-回归],189387.62699999998,0.047189999999999996,111.97106999999998,2.7899999999999997e-05,189499.59806999998,0.04721789999999999,[仿真-Python-AAO-default],2161145.9968,1255625.8241408,0.312866176,0.581,[真实活动数据],35116.375,0.0,8829.26,43945.635,0.01095,0.40133,180.59850000000003,4.500000000000001e-05,landfill,1489251.6557108,0.371079076,0.12716966019393663,7.518613094746413e-05,0.8431253504576474,0.029508535264327326,0.00012126795314107121,Direct GHG: [仿真-Python-AAO-default]. Indirect: [真实活动数据]/[估算].
plt_bde99b98,P031,2月,2,2562700.0,0.43990599999999996,[估算-回归],120933.813,0.047189999999999996,71.49932999999999,2.7899999999999997e-05,121005.31233,0.0472179,[仿真-Python-AAO-default],1127347.1061999998,654988.6687021998,0.2555853859999999,0.581,[真实活动数据],22423.625,0.0,5637.940000000001,28061.565000000002,0.010950000000000001,0.25627000000000005,115.32150000000001,4.5e-05,landfill,804170.8675321998,0.3137982859999999,0.15038323058271902,8.891061947992921e-05,0.8144894264973773,0.0348950280754561,0.00014340422496762783,Direct GHG: [仿真-Python-AAO-default]. Indirect: [真实活动数据]/[估算].
plt_bde99b98,P031,3月,3,5406400.0,0.39973400000000003,[估算-回归],255128.01599999997,0.047189999999999996,150.83855999999997,2.7899999999999997e-05,255278.85455999998,0.04721789999999999,[仿真-Python-AAO-default],2161121.8976000003,1255611.8225056,0.23224545400000002,0.581,[真实活动数据],47306.0,0.0,11894.080000000002,59200.08,0.01095,0.54064,243.288,4.5e-05,landfill,1570334.0450656,0.290458354,0.1624673532371529,9.6055078519105e-05,0.7995826279453474,0.03769903619298208,0.0001549275459985565,Direct GHG: [仿真-Python-AAO-default]. Indirect: [真实活动数据]/[估算].
plt_bde99b98,P031,4月,4,4817200.0,0.41707,[估算-回归],227323.66799999998,0.047189999999999996,134.39988,2.7899999999999997e-05,227458.06788,0.0472179,[仿真-Python-AAO-default],2009109.604,1167292.679924,0.24231767,0.581,[真实活动数据],42150.5,0.0,10597.84,52748.34,0.01095,0.48172000000000004,216.77400000000003,4.5e-05,landfill,1447715.861804,0.30053057,0.15702229560207467,9.283581367446246e-05,0.8062995721200675,0.036435561280837414,0.0001497351833459072,Direct GHG: [仿真-Python-AAO-default]. Indirect: [真实活动数据]/[估算].
plt_bde99b98,P031,5月,5,5952000.0,0.396602,[估算-回归],280874.87999999995,0.047189999999999996,166.06079999999997,2.7899999999999997e-05,281040.9407999999,0.047217899999999986,[仿真-Python-AAO-default],2360575.1040000003,1371494.135424,0.230425762,0.581,[真实活动数据],52080.0,0.0,13094.400000000001,65174.4,0.01095,0.5952000000000001,267.84000000000003,4.5e-05,landfill,1717977.316224,0.288638662,0.16349161152915817,9.666064763008082e-05,0.79831911776254,0.03793670579030054,0.00015590427037109813,Direct GHG: [仿真-Python-AAO-default]. Indirect: [真实活动数据]/[估算].
plt_bde99b98,P031,6月,6,7366000.0,0.31769000000000003,[估算-回归],347601.54,0.047189999999999996,205.51139999999998,2.7899999999999997e-05,347807.0514,0.0472179,[仿真-Python-AAO-default],2340104.54,1359600.73774,0.18457789,0.581,[真实活动数据],64452.49999999999,0.0,16205.2,80657.7,0.01095,0.7366,331.47,4.5e-05,landfill,1788396.95914,0.24279078999999998,0.19436486861795704,0.00011491374940540372,0.7602343153131962,0.04510055756233587,0.0001853447571054899,Direct GHG: [仿真-Python-AAO-default]. Indirect: [真实活动数据]/[估算].
plt_38e15b4b,P032,1月,1,6867900.0,0.5836800000000001,[估算-回归],324096.20099999994,0.047189999999999996,191.61441,2.7899999999999997e-05,324287.8154099999,0.047217899999999986,[仿真-Python-AAO-default],4008655.8720000004,2329029.061632,0.33911808,0.581,[真实活动数据],60094.12499999999,0.0,15109.380000000003,75203.50499999999,0.010949999999999998,0.6867900000000001,309.05550000000005,4.500000000000001e-05,landfill,2728829.4375419994,0.3973309799999999,0.11876748196176397,7.021853669703783e-05,0.8534901557386743,0.027558888058514846,0.00011325570435006105,Direct GHG: [仿真-Python-AAO-default]. Indirect: [真实活动数据]/[估算].
plt_38e15b4b,P032,2月,2,4819100.0,0.51745,[估算-回归],227413.32899999997,0.047189999999999996,134.45289,2.7899999999999997e-05,227547.78188999995,0.04721789999999999,[仿真-Python-AAO-default],2493643.295,1448806.754395,0.30063845,0.581,[真实活动数据],42167.125,0.0,10602.020000000002,52769.145000000004,0.010950000000000001,0.48191,216.8595,4.4999999999999996e-05,landfill,1729340.540785,0.35885135,0.13150291896630734,7.774807033608764e-05,0.8377799052448875,0.03051402760502364,0.00012540011344530264,Direct GHG: [仿真-Python-AAO-default]. Indirect: [真实活动数据]/[估算].
plt_38e15b4b,P032,3月,3,7626900.000000001,0.485338,[估算-回归],359913.411,0.047189999999999996,212.79051,2.7899999999999997e-05,360126.20151000004,0.0472179,[仿真-Python-AAO-default],3701624.3922000006,2150643.7718682,0.28198137799999995,0.581,[真实活动数据],66735.375,0.0,16779.180000000004,83514.55500000001,0.01095,0.7626900000000002,343.2105000000001,4.5e-05,landfill,2594627.7388782003,0.340194278,0.13871485516284904,8.20119614122375e-05,0.8288833652869375,0.032187490231684615,0.00013227735711651212,Direct GHG: [仿真-Python-AAO-default]. Indirect: [真实活动数据]/[估算].
plt_38e15b4b,P032,4月,4,8276500.0,0.477588,[估算-回归],390568.035,0.047189999999999996,230.91434999999998,2.7899999999999997e-05,390798.94934999995,0.04721789999999999,[仿真-Python-AAO-default],3952757.082,2296551.864642,0.277478628,0.581,[真实活动数据],72419.375,0.0,18208.300000000003,90627.675,0.01095,0.8276500000000001,372.44250000000005,4.500000000000001e-05,landfill,2778350.9314919994,0.3356915279999999,0.14057548690951774,8.311201705394246e-05,0.8265881169333533,0.03261923249966559,0.00013405164040958465,Direct GHG: [仿真-Python-AAO-default]. Indirect: [真实活动数据]/[估算].
plt_38e15b4b,P032,5月,5,7108500.0,0.42900400000000005,[估算-回归],335450.115,0.047189999999999996,198.32715,2.7899999999999997e-05,335648.44215,0.0472179,[仿真-Python-AAO-default],3049574.9340000004,1771803.0366540002,0.24925132400000002,0.581,[真实活动数据],62199.37499999999,0.0,15638.7,77838.075,0.01095,0.71085,319.8825,4.4999999999999996e-05,landfill,2185609.436304,0.307464224,0.1534812713689902,9.074226470003871e-05,0.8106677282882837,0.035613899586574335,0.00014635849145167536,Direct GHG: [仿真-Python-AAO-default]. Indirect: [真实活动数据]/[估算].
plt_38e15b4b,P032,6月,6,8210800.0,0.38812800000000003,[估算-回归],387467.65199999994,0.047189999999999996,229.08131999999998,2.7899999999999997e-05,387696.73331999994,0.04721789999999999,[仿真-Python-AAO-default],3186841.3824,1851554.8431743998,0.22550236799999998,0.581,[真实活动数据],71844.5,0.0,18063.76,89908.26,0.01095,0.82108,369.48600000000005,4.5e-05,landfill,2329529.3224943997,0.28371526799999996,0.16632872926669565,9.83380281106338e-05,0.7948192904443901,0.03859503253804445,0.0001586097227590868,Direct GHG: [仿真-Python-AAO-default]. Indirect: [真实活动数据]/[估算].
plt_04fa83e6,P033,1月,1,1389400.0,0.5772120000000001,[估算-回归],65565.786,0.047189999999999996,38.76425999999999,2.7899999999999997e-05,65604.55025999999,0.04721789999999999,[仿真-Python-AAO-default],801978.3528000001,465949.4229768,0.335360172,0.581,[真实活动数据],12157.25,0.0,3056.6800000000003,15213.93,0.01095,0.13894,62.52300000000001,4.500000000000001e-05,landfill,546830.4262368,0.393573072,0.11990149569988871,7.088899618620247e-05,0.8520912528283947,0.02782202538490743,0.00011433709062290726,Direct GHG: [仿真-Python-AAO-default]. Indirect: [真实活动数据]/[估算].
plt_04fa83e6,P033,2月,2,1171000.0,0.529124,[估算-回归],55259.49,0.047189999999999996,32.670899999999996,2.7899999999999997e-05,55292.160899999995,0.04721789999999999,[仿真-Python-AAO-default],619604.204,359990.042524,0.307421044,0.581,[真实活动数据],10246.25,0.0,2576.2000000000003,12822.45,0.010950000000000001,0.11710000000000001,52.69500000000001,4.500000000000001e-05,landfill,428157.348424,0.36563394400000004,0.12906350948641682,7.630582569762722e-05,0.8407891254210248,0.0299479853544451,0.0001230739124155278,Direct GHG: [仿真-Python-AAO-default]. Indirect: [真实活动数据]/[估算].
plt_04fa83e6,P033,3月,3,1452000.0,0.565976,[估算-回归],68519.87999999999,0.047189999999999996,40.510799999999996,2.7899999999999997e-05,68560.3908,0.04721789999999999,[仿真-Python-AAO-default],821797.152,477464.14531199995,0.328832056,0.581,[真实活动数据],12705.0,0.0,3194.4,15899.4,0.01095,0.14520000000000002,65.34,4.5e-05,landfill,561989.276112,0.387044956,0.12192382116975578,7.208464951549453e-05,0.8495965414415579,0.02829128717543602,0.00011626556373466859,Direct GHG: [仿真-Python-AAO-default]. Indirect: [真实活动数据]/[估算].
plt_04fa83e6,P033,4月,4,1391900.0,0.542308,[估算-回归],65683.761,0.047189999999999996,38.83401,2.7899999999999997e-05,65722.59501,0.0472179,[仿真-Python-AAO-default],754838.5052,438561.1715212,0.31508094799999997,0.581,[真实活动数据],12179.125,0.0,3062.1800000000003,15241.305,0.01095,0.13919,62.63550000000001,4.5e-05,landfill,519587.70703119994,0.373293848,0.12641515592295538,7.474004768490051e-05,0.8440560959900952,0.029333459575256654,0.00012054846400790407,Direct GHG: [仿真-Python-AAO-default]. Indirect: [真实活动数据]/[估算].
plt_04fa83e6,P033,5月,5,1506000.0,0.49336,[估算-回归],71068.14,0.047189999999999996,42.017399999999995,2.7899999999999997e-05,71110.1574,0.0472179,[仿真-Python-AAO-default],743000.16,431683.09296,0.28664216,0.581,[真实活动数据],13177.5,0.0,3313.2000000000003,16490.7,0.01095,0.15059999999999998,67.77,4.4999999999999996e-05,landfill,519351.72036,0.34485506,0.13684009740207959,8.090355409023141e-05,0.8311960392867659,0.03175247015369298,0.000130489603371341,Direct GHG: [仿真-Python-AAO-default]. Indirect: [真实活动数据]/[估算].
plt_04fa83e6,P033,6月,6,1539100.0,0.44249,[估算-回归],72630.129,0.047189999999999996,42.940889999999996,2.7899999999999997e-05,72673.06989,0.0472179,[仿真-Python-AAO-default],681036.3589999999,395682.12457899994,0.25708668999999995,0.581,[真实活动数据],13467.125,0.0,3386.0200000000004,16853.145,0.01095,0.15391,69.2595,4.5e-05,landfill,485277.5989689999,0.31529958999999996,0.14966717844447563,8.848727015471222e-05,0.8153727380362277,0.034728874845666634,0.0001427214034753423,Direct GHG: [仿真-Python-AAO-default]. Indirect: [真实活动数据]/[估算].
plt_2795e7c3,P034,1月,1,1722400.0,0.6591060000000001,[估算-回归],81280.056,0.047189999999999996,48.054959999999994,2.7899999999999997e-05,81328.11095999999,0.04721789999999999,[仿真-Python-AAO-default],1135244.1744000001,659576.8653264,0.382940586,0.581,[真实活动数据],15070.999999999998,0.0,3789.2800000000007,18860.28,0.01095,0.187018192,84.1581864,4.8861000000000005e-05,landfill,759849.4144728,0.441157347,0.10696863674810339,6.324274137046163e-05,0.8680362881953773,0.024821075914213436,0.00011075640093556008,Direct GHG: [仿真-Python-AAO-default]. Indirect: [真实活动数据]/[估算].
plt_2795e7c3,P034,2月,2,2234200.0,0.712314,[估算-回归],105431.89799999999,0.047189999999999996,62.334179999999996,2.7899999999999997e-05,105494.23217999999,0.04721789999999999,[仿真-Python-AAO-default],1591451.9388000001,924633.5764428,0.413854434,0.581,[真实活动数据],19549.25,0.0,4915.240000000001,24464.49,0.010950000000000001,0.2871002855,129.195128475,5.7826124999999993e-05,landfill,1054721.4937512751,0.47208016012500004,0.09996183696324955,5.910013247032555e-05,0.8766613574491613,0.02319521328136433,0.0001224921737543227,Direct GHG: [仿真-Python-AAO-default]. Indirect: [真实活动数据]/[估算].
plt_2795e7c3,P034,3月,3,2713300.0,0.6194040000000001,[估算-回归],128040.627,0.047189999999999996,75.70106999999999,2.7899999999999997e-05,128116.32806999999,0.04721789999999999,[仿真-Python-AAO-default],1680628.8732000003,976445.3753292001,0.359873724,0.581,[真实活动数据],23741.375,0.0,5969.260000000001,29710.635000000002,0.010950000000000001,0.27133,122.09850000000002,4.5e-05,landfill,1134394.4368992,0.418086624,0.11287134601082094,6.673258219330162e-05,0.860763543585647,0.026190744624252797,0.0001076331970859704,Direct GHG: [仿真-Python-AAO-default]. Indirect: [真实活动数据]/[估算].
plt_2795e7c3,P034,4月,4,3429400.0,0.693058,[估算-回归],161833.386,0.047189999999999996,95.68025999999999,2.7899999999999997e-05,161929.06626,0.0472179,[仿真-Python-AAO-default],2376773.1051999996,1380905.1741211996,0.4026666979999999,0.581,[真实活动数据],30007.249999999996,0.0,7544.680000000001,37551.93,0.01095,0.4063753265,182.86889692500003,5.332387500000001e-05,landfill,1580569.0392781245,0.46088792187499983,0.1023893180103745,6.0535324697805646e-05,0.8736759608753851,0.023758487650214048,0.00011569813932868107,Direct GHG: [仿真-Python-AAO-default]. Indirect: [真实活动数据]/[估算].
plt_2795e7c3,P034,5月,5,3987000.0,0.6277480000000001,[估算-回归],188146.52999999997,0.047189999999999996,111.23729999999999,2.7899999999999997e-05,188257.76729999998,0.04721789999999999,[仿真-Python-AAO-default],2502831.2760000005,1454144.9713560003,0.3647215880000001,0.581,[真实活动数据],34886.25,0.0,8771.400000000001,43657.65,0.01095,0.406654065,182.99432925,4.5897749999999996e-05,landfill,1686243.38298525,0.42293538575,0.11157732738847802,6.59675235036774e-05,0.8623577035372242,0.025890479654669094,0.00010852189612512221,Direct GHG: [仿真-Python-AAO-default]. Indirect: [真实活动数据]/[估算].
plt_2795e7c3,P034,6月,6,3884300.0,0.529984,[估算-回归],183300.117,0.047189999999999996,108.37196999999999,2.7899999999999997e-05,183408.48897,0.0472179,[仿真-Python-AAO-default],2058616.8512000002,1196056.3905472,0.30792070400000005,0.581,[真实活动数据],33987.625,0.0,8545.460000000001,42533.085,0.01095,0.38843,174.7935,4.4999999999999996e-05,landfill,1422172.7580172,0.366133604,0.1288873774066365,7.620169166444497e-05,0.8410063994016785,0.02990711554572303,0.0001229059542974919,Direct GHG: [仿真-Python-AAO-default]. Indirect: [真实活动数据]/[估算].
plt_579a6517,P035,1月,1,1319100.0,0.583808,[估算-回归],62248.329,0.047189999999999996,36.80289,2.7899999999999997e-05,62285.13189,0.0472179,[仿真-Python-AAO-default],770101.1328,447428.7581568,0.339192448,0.581,[真实活动数据],11542.125,0.0,2902.0200000000004,14444.145,0.01095,0.13191,59.359500000000004,4.5e-05,landfill,524217.39454680006,0.39740534800000005,0.11874525654345244,7.020539643064892e-05,0.8535175726925546,0.02755373085719017,0.00011323451037201442,Direct GHG: [仿真-Python-AAO-default]. Indirect: [真实活动数据]/[估算].
plt_579a6517,P035,2月,2,911100.0,0.561456,[估算-回归],42994.808999999994,0.047189999999999996,25.419689999999996,2.7899999999999997e-05,43020.228689999996,0.04721789999999999,[仿真-Python-AAO-default],511542.56159999996,297206.22828959994,0.3262059359999999,0.581,[真实活动数据],7972.124999999999,0.0,2004.4200000000003,9976.545,0.01095,0.09111,40.999500000000005,4.5e-05,landfill,350244.0014795999,0.38441883599999993,0.12275673193079437,7.257708880841625e-05,0.8485690747994461,0.028484556360292405,0.00011705982065873592,Direct GHG: [仿真-Python-AAO-default]. Indirect: [真实活动数据]/[估算].
plt_579a6517,P035,3月,3,1328000.0,0.6086100000000001,[估算-回归],62668.31999999999,0.047189999999999996,37.051199999999994,2.7899999999999997e-05,62705.371199999994,0.04721789999999999,[仿真-Python-AAO-default],808234.0800000001,469584.00048,0.35360241,0.581,[真实活动数据],11620.0,0.0,2921.6000000000004,14541.6,0.01095,0.1328,59.76,4.4999999999999996e-05,landfill,546890.73168,0.41181531,0.11459020306942934,6.7748816817908e-05,0.8586431864322869,0.026589589396275724,0.0001092722851901742,Direct GHG: [仿真-Python-AAO-default]. Indirect: [真实活动数据]/[估算].
plt_579a6517,P035,4月,4,1247800.0,0.550362,[估算-回归],58883.68199999999,0.047189999999999996,34.81361999999999,2.7899999999999997e-05,58918.495619999994,0.04721789999999999,[仿真-Python-AAO-default],686741.7036,398996.9297916,0.319760322,0.581,[真实活动数据],10918.25,0.0,2745.1600000000003,13663.41,0.01095,0.12478,56.150999999999996,4.4999999999999996e-05,landfill,471634.98641159997,0.377973222,0.12485011438191247,7.381475294035512e-05,0.8459867085504803,0.028970306261537227,0.00011905605312960504,Direct GHG: [仿真-Python-AAO-default]. Indirect: [真实活动数据]/[估算].
plt_579a6517,P035,5月,5,1399400.0,0.46787200000000007,[估算-回归],66037.68599999999,0.047189999999999996,39.04326,2.7899999999999997e-05,66076.72926,0.04721789999999999,[仿真-Python-AAO-default],654740.0768,380403.9846208,0.271833632,0.581,[真实活动数据],12244.75,0.0,3078.6800000000003,15323.43,0.01095,0.13994,62.973,4.4999999999999996e-05,landfill,461867.1168808,0.330046532,0.14297983897615985,8.453353480472261e-05,0.823622143074056,0.03317714000400404,0.00013634441097535907,Direct GHG: [仿真-Python-AAO-default]. Indirect: [真实活动数据]/[估算].
plt_579a6517,P035,6月,6,1716200.0,0.374358,[估算-回归],80987.47799999999,0.047189999999999996,47.88198,2.7899999999999997e-05,81035.35998,0.04721789999999999,[仿真-Python-AAO-default],642473.1996,373276.9289676,0.217501998,0.581,[真实活动数据],15016.749999999998,0.0,3775.6400000000003,18792.39,0.01095,0.17162,77.229,4.5e-05,landfill,473181.9079476,0.275714898,0.17115506032611988,0.00010119148512605946,0.7888655984052048,0.03971493771076527,0.00016321207278396685,Direct GHG: [仿真-Python-AAO-default]. Indirect: [真实活动数据]/[估算].
plt_7f3b040c,P036,1月,1,4393800.0,0.542278,[估算-回归],207343.422,0.047189999999999996,122.58701999999998,2.7899999999999997e-05,207466.00902,0.0472179,[仿真-Python-AAO-default],2382661.0764,1384326.0853884,0.315063518,0.581,[真实活动数据],38445.75,0.0,9666.36,48112.11,0.01095,0.43938,197.721,4.5e-05,landfill,1640101.9254084,0.373276418,0.12642105883045632,7.474353764292711e-05,0.8440488142489623,0.029334829289966023,0.00012055409297246311,Direct GHG: [仿真-Python-AAO-default]. Indirect: [真实活动数据]/[估算].
plt_7f3b040c,P036,2月,2,2651900.0,0.480626,[估算-回归],125143.161,0.047189999999999996,73.98800999999999,2.7899999999999997e-05,125217.14901,0.0472179,[仿真-Python-AAO-default],1274572.0894,740526.3839413999,0.2792437059999999,0.581,[真实活动数据],23204.125,0.0,5834.18,29038.305,0.01095,0.26519,119.3355,4.4999999999999996e-05,landfill,894901.1734514,0.337456606,0.13984020215031737,8.2677296884803e-05,0.8274951535546468,0.03244861651930441,0.00013335047884645648,Direct GHG: [仿真-Python-AAO-default]. Indirect: [真实活动数据]/[估算].
plt_7f3b040c,P036,3月,3,4103900.0,0.479186,[估算-回归],193663.041,0.047189999999999996,114.49880999999999,2.7899999999999997e-05,193777.53981,0.0472179,[仿真-Python-AAO-default],1966531.4254,1142554.7581574,0.278407066,0.581,[真实活动数据],35909.125,0.0,9028.58,44937.705,0.01095,0.41039000000000003,184.67550000000003,4.500000000000001e-05,landfill,1381454.6784674,0.336619966,0.1401877629564017,8.28827842018141e-05,0.8270664075820149,0.032529264767378656,0.000133681910002926,Direct GHG: [仿真-Python-AAO-default]. Indirect: [真实活动数据]/[估算].
plt_7f3b040c,P036,4月,4,4145899.9999999995,0.47441999999999995,[估算-回归],195645.02099999995,0.047189999999999996,115.67060999999998,2.7899999999999997e-05,195760.69160999995,0.04721789999999999,[仿真-Python-AAO-default],1966897.8779999996,1142767.6671179996,0.27563801999999993,0.581,[真实活动数据],36276.625,0.0,9120.98,45397.604999999996,0.01095,0.41458999999999996,186.5655,4.5e-05,landfill,1384112.5292279995,0.33385091999999994,0.14135051657188785,8.35702354811543e-05,0.8256320515755955,0.03279907091464658,0.00013479070238895855,Direct GHG: [仿真-Python-AAO-default]. Indirect: [真实活动数据]/[估算].
plt_7f3b040c,P036,5月,5,4906600.0,0.42533000000000004,[估算-回归],231542.45399999997,0.047189999999999996,136.89414,2.7899999999999997e-05,231679.34813999996,0.04721789999999999,[仿真-Python-AAO-default],2086924.1780000003,1212502.947418,0.24711673,0.581,[真实活动数据],42932.75,0.0,10794.520000000002,53727.270000000004,0.010950000000000001,0.49066000000000004,220.79700000000003,4.5e-05,landfill,1498130.362558,0.30532963,0.1545542763078709,9.137665414260646e-05,0.809344084948454,0.03586288038930254,0.00014738170023001045,Direct GHG: [仿真-Python-AAO-default]. Indirect: [真实活动数据]/[估算].
plt_7f3b040c,P036,6月,6,5946200.0,0.386954,[估算-回归],280601.17799999996,0.047189999999999996,165.89898,2.7899999999999997e-05,280767.07697999995,0.04721789999999999,[仿真-Python-AAO-default],2300905.8748000003,1336826.3132588002,0.22482027400000004,0.581,[真实活动数据],52029.25,0.0,13081.640000000001,65110.89,0.01095,0.59462,267.579,4.5e-05,landfill,1682971.8592388,0.283033174,0.16672957213135728,9.857501721688639e-05,0.7943248164965993,0.03868804439157369,0.00015899196325304258,Direct GHG: [仿真-Python-AAO-default]. Indirect: [真实活动数据]/[估算].
plt_d9f43af6,P037,1月,1,1222200.0,0.59876,[估算-回归],57675.617999999995,0.047189999999999996,34.09938,2.7899999999999997e-05,57709.717379999995,0.04721789999999999,[仿真-Python-AAO-default],731804.472,425178.39823199995,0.34787956,0.581,[真实活动数据],10694.25,0.0,2688.84,13383.09,0.01095,0.12222,54.999,4.5e-05,landfill,496326.204612,0.40609246,0.11620506325086656,6.870356568550916e-05,0.8566511183192123,0.026964302661517038,0.00011081220271856316,Direct GHG: [仿真-Python-AAO-default]. Indirect: [真实活动数据]/[估算].
plt_d9f43af6,P037,2月,2,1019400.0,0.531884,[估算-回归],48105.486,0.047189999999999996,28.441259999999996,2.7899999999999997e-05,48133.92726,0.0472179,[仿真-Python-AAO-default],542202.5496,315019.6813176,0.30902460400000004,0.581,[真实活动数据],8919.75,0.0,2242.6800000000003,11162.43,0.01095,0.10194000000000002,45.87300000000001,4.500000000000001e-05,landfill,374361.9115776,0.367237504,0.128499947543484,7.597263268623021e-05,0.841484327265224,0.02981721605427315,0.00012253650433262942,Direct GHG: [仿真-Python-AAO-default]. Indirect: [真实活动数据]/[估算].
plt_d9f43af6,P037,3月,3,1272000.0,0.48958199999999996,[估算-回归],60025.67999999999,0.047189999999999996,35.4888,2.7899999999999997e-05,60061.16879999999,0.04721789999999999,[仿真-Python-AAO-default],622748.304,361816.764624,0.284447142,0.581,[真实活动数据],11130.0,0.0,2798.4,13928.4,0.01095,0.1272,57.24000000000001,4.500000000000001e-05,landfill,435863.573424,0.342660042,0.13771667021508155,8.142180756517854e-05,0.8301147117702157,0.0319558707110647,0.00013132549607286866,Direct GHG: [仿真-Python-AAO-default]. Indirect: [真实活动数据]/[估算].
plt_d9f43af6,P037,4月,4,1213300.0,0.49669800000000003,[估算-回归],57255.62699999999,0.047189999999999996,33.85107,2.7899999999999997e-05,57289.47806999999,0.04721789999999999,[仿真-Python-AAO-default],602643.6834,350135.98005539994,0.28858153799999997,0.581,[真实活动数据],10616.375,0.0,2669.26,13285.635,0.01095,0.12133000000000001,54.5985,4.5e-05,landfill,420765.6916254,0.346794438,0.1360748467367288,8.045111726964895e-05,0.832140041415543,0.03157490086389448,0.00012975986656394993,Direct GHG: [仿真-Python-AAO-default]. Indirect: [真实活动数据]/[估算].
plt_d9f43af6,P037,5月,5,1304700.0,0.494098,[估算-回归],61568.793,0.047189999999999996,36.401129999999995,2.7899999999999997e-05,61605.194129999996,0.0472179,[仿真-Python-AAO-default],644649.6606,374541.4528085999,0.28707093799999994,0.581,[真实活动数据],11416.125,0.0,2870.34,14286.465,0.01095,0.13047,58.7115,4.5e-05,landfill,450491.82343859994,0.34528383799999995,0.136670167573844,8.080308699534324e-05,0.8314056622598129,0.03171303951967772,0.00013032755966990847,Direct GHG: [仿真-Python-AAO-default]. Indirect: [真实活动数据]/[估算].
plt_d9f43af6,P037,6月,6,1319400.0,0.43554200000000004,[估算-回归],62262.486,0.047189999999999996,36.81126,2.7899999999999997e-05,62299.29726,0.0472179,[仿真-Python-AAO-default],574654.1148000001,333874.04069880006,0.25304990200000005,0.581,[真实活动数据],11544.75,0.0,2902.6800000000003,14447.43,0.01095,0.13194,59.373000000000005,4.5e-05,landfill,410680.1409588001,0.31126280200000006,0.15160822204511282,8.963486745197389e-05,0.812978294785125,0.03517927593545212,0.0001445723668580224,Direct GHG: [仿真-Python-AAO-default]. Indirect: [真实活动数据]/[估算].
plt_396032c1,P038,1月,1,514099.99999999994,0.531194,[估算-回归],24260.378999999994,0.047189999999999996,14.343389999999998,2.7899999999999997e-05,24274.72238999999,0.047217899999999986,[仿真-Python-AAO-default],273086.8354,158663.45136739998,0.308623714,0.581,[真实活动数据],4498.375,0.0,1131.02,5629.395,0.010950000000000001,0.05141,23.1345,4.5e-05,landfill,188590.70325739993,0.3668366139999999,0.1286403761212342,7.605565784662925e-05,0.8413110966071671,0.02984980119787063,0.0001226704158816601,Direct GHG: [仿真-Python-AAO-default]. Indirect: [真实活动数据]/[估算].
plt_396032c1,P038,2月,2,452800.0,0.504594,[估算-回归],21367.631999999998,0.047189999999999996,12.633119999999998,2.7899999999999997e-05,21380.265119999996,0.04721789999999999,[仿真-Python-AAO-default],228480.16319999998,132746.97481919997,0.29316911399999995,0.581,[真实活动数据],3961.9999999999995,0.0,996.1600000000001,4958.16,0.01095,0.04528,20.376,4.5e-05,landfill,159105.77593919996,0.3513820139999999,0.13429827970648495,7.94007629542473e-05,0.83433158875343,0.031162665030430393,0.00012806574670039887,Direct GHG: [仿真-Python-AAO-default]. Indirect: [真实活动数据]/[估算].
plt_396032c1,P038,3月,3,928700.0,0.50685,[估算-回归],43825.352999999996,0.047189999999999996,25.910729999999997,2.7899999999999997e-05,43851.26373,0.0472179,[仿真-Python-AAO-default],470711.59500000003,273483.436695,0.29447985,0.581,[真实活动数据],8126.124999999999,0.0,2043.1400000000003,10169.265,0.01095,0.09287000000000001,41.7915,4.4999999999999996e-05,landfill,327545.756925,0.35269275,0.13379917789634177,7.910568051086959e-05,0.8349472735121434,0.031046853103728386,0.00012758980727559612,Direct GHG: [仿真-Python-AAO-default]. Indirect: [真实活动数据]/[估算].
plt_396032c1,P038,4月,4,902800.0,0.450774,[估算-回归],42603.132,0.047189999999999996,25.188119999999998,2.7899999999999997e-05,42628.32012,0.04721789999999999,[仿真-Python-AAO-default],406958.7672,236443.0437432,0.26189969399999996,0.581,[真实活动数据],7899.499999999999,0.0,1986.1600000000003,9885.66,0.01095,0.09028,40.626000000000005,4.5e-05,landfill,288997.6498632,0.320112594,0.14741688044925844,8.715683332346494e-05,0.8181486730259666,0.034206714153833015,0.00014057553761849184,Direct GHG: [仿真-Python-AAO-default]. Indirect: [真实活动数据]/[估算].
plt_396032c1,P038,5月,5,1057600.0,0.42415800000000004,[估算-回归],49908.14399999999,0.047189999999999996,29.507039999999996,2.7899999999999997e-05,49937.65103999999,0.04721789999999999,[仿真-Python-AAO-default],448589.50080000004,260630.4999648,0.24643579799999998,0.581,[真实活动数据],9254.0,0.0,2326.72,11580.72,0.01095,0.10576,47.592000000000006,4.5e-05,landfill,322196.46300479997,0.304648698,0.154899726504001,9.158089361012138e-05,0.808917942593669,0.03594303888999388,0.00014771111872600228,Direct GHG: [仿真-Python-AAO-default]. Indirect: [真实活动数据]/[估算].
plt_396032c1,P038,6月,6,1127800.0,0.348886,[估算-回归],53220.882,0.047189999999999996,31.465619999999998,2.7899999999999997e-05,53252.34762,0.0472179,[仿真-Python-AAO-default],393473.6308,228608.1794948,0.20270276599999998,0.581,[真实活动数据],9868.25,0.0,2481.1600000000003,12349.41,0.01095,0.11278,50.751000000000005,4.5e-05,landfill,294260.68811479997,0.260915666,0.18086303794422218,0.00010693110317109131,0.7768899779287305,0.04196758350263261,0.00017246952124369569,Direct GHG: [仿真-Python-AAO-default]. Indirect: [真实活动数据]/[估算].
plt_3939c6f8,P039,1月,1,9437800.0,0.601966,[估算-回归],445369.78199999995,0.047189999999999996,263.31462,2.7899999999999997e-05,445633.09661999997,0.04721789999999999,[仿真-Python-AAO-default],5681234.7148,3300797.3692988,0.349742246,0.581,[真实活动数据],82580.75,0.0,20763.160000000003,103343.91,0.01095,0.9437800000000001,424.7010000000001,4.500000000000001e-05,landfill,3850199.0769188,0.407955146,0.11567448152743733,6.838987146885996e-05,0.8573056362426668,0.02684118611412246,0.00011030624430461286,Direct GHG: [仿真-Python-AAO-default]. Indirect: [真实活动数据]/[估算].
plt_3939c6f8,P039,2月,2,6973500.0,0.5945140000000001,[估算-回归],329079.46499999997,0.047189999999999996,194.56064999999998,2.7899999999999997e-05,329274.02564999997,0.04721789999999999,[仿真-Python-AAO-default],4145843.3790000007,2408735.0031990004,0.34541263400000005,0.581,[真实活动数据],61018.12499999999,0.0,15341.7,76359.825,0.01095,0.69735,313.8075,4.5e-05,landfill,2814682.6613490004,0.40362553400000006,0.11691529902070068,6.912347621694318e-05,0.8557749817681257,0.027129106257187383,0.00011148947776926321,Direct GHG: [仿真-Python-AAO-default]. Indirect: [真实活动数据]/[估算].
plt_3939c6f8,P039,3月,3,9313900.0,0.627294,[估算-回归],439522.94099999993,0.047189999999999996,259.85781,2.7899999999999997e-05,439782.79880999995,0.04721789999999999,[仿真-Python-AAO-default],5842553.5866,3394523.6338146,0.364457814,0.581,[真实活动数据],81496.625,0.0,20490.58,101987.205,0.01095,0.9923494755000001,446.55726397500007,4.7945250000000007e-05,landfill,3936740.194888575,0.42267365925,0.11164641790958728,6.600837168208276e-05,0.8622676289946734,0.025906511466623882,0.00011343325743334692,Direct GHG: [仿真-Python-AAO-default]. Indirect: [真实活动数据]/[估算].
plt_3939c6f8,P039,4月,4,9293900.0,0.532726,[估算-回归],438579.14099999995,0.047189999999999996,259.29981,2.7899999999999997e-05,438838.44080999994,0.04721789999999999,[仿真-Python-AAO-default],4951102.1714,2876590.3615834,0.309513806,0.581,[真实活动数据],81321.625,0.0,20446.58,101768.205,0.01095,0.92939,418.2255,4.5e-05,landfill,3417615.2328934004,0.367726706,0.12832899876464232,7.587156316027805e-05,0.8416952072009695,0.029777548982259663,0.0001223734889681904,Direct GHG: [仿真-Python-AAO-default]. Indirect: [真实活动数据]/[估算].
plt_3939c6f8,P039,5月,5,11454100.0,0.576916,[估算-回归],540518.9789999999,0.047189999999999996,319.56938999999994,2.7899999999999997e-05,540838.5483899999,0.04721789999999999,[仿真-Python-AAO-default],6608053.5556,3839279.1158035994,0.33518819599999994,0.581,[真实活动数据],100223.375,0.0,25199.020000000004,125422.395,0.01095,1.14541,515.4345000000001,4.5e-05,landfill,4506055.4936935995,0.39340109599999995,0.11995391085539833,7.091998543898312e-05,0.8520265942522945,0.0278341878335794,0.00011438707328868248,Direct GHG: [仿真-Python-AAO-default]. Indirect: [真实活动数据]/[估算].
plt_3939c6f8,P039,6月,6,11807500.0,0.431066,[估算-回归],557195.9249999999,0.047189999999999996,329.42924999999997,2.7899999999999997e-05,557525.35425,0.0472179,[仿真-Python-AAO-default],5089811.795,2957180.652895,0.25044934599999996,0.581,[真实活动数据],103315.625,0.0,25976.500000000004,129292.125,0.01095,1.18075,531.3375,4.4999999999999996e-05,landfill,3644529.4696449996,0.308662246,0.1528855589290308,9.039006344818732e-05,0.8114025905196064,0.035475670062998246,0.00014579042491643117,Direct GHG: [仿真-Python-AAO-default]. Indirect: [真实活动数据]/[估算].
plt_b439c86b,P040,1月,1,15800.0,0.22946999999999998,[估算-回归],745.602,0.047189999999999996,0.44081999999999993,2.7899999999999997e-05,746.04282,0.0472179,[仿真-Python-AAO-default],3625.6259999999997,2106.4887059999996,0.13332207,0.581,[真实活动数据],138.25,0.0,34.760000000000005,173.01,0.01095,0.00158,0.7110000000000001,4.5e-05,landfill,3026.2525259999998,0.19153496999999997,0.2463779851794166,0.00014566530592298628,0.6960716886321072,0.05716971684074193,0.00023494404181126824,Direct GHG: [仿真-Python-AAO-default]. Indirect: [真实活动数据]/[估算].
plt_b439c86b,P040,2月,2,15200.0,0.27083599999999997,[估算-回归],717.2879999999999,0.047189999999999996,0.42407999999999996,2.7899999999999997e-05,717.7120799999999,0.04721789999999999,[仿真-Python-AAO-default],4116.7072,2391.8068832,0.157355716,0.581,[真实活动数据],133.0,0.0,33.440000000000005,166.44,0.01095,0.00152,0.684,4.5e-05,landfill,3276.6429632,0.215568616,0.21890941675851366,0.00012942514786104113,0.7299565164903224,0.05079589136481722,0.00020875023848555024,Direct GHG: [仿真-Python-AAO-default]. Indirect: [真实活动数据]/[估算].
plt_b439c86b,P040,3月,3,16600.0,0.26779,[估算-回归],783.3539999999999,0.047189999999999996,0.46313999999999994,2.7899999999999997e-05,783.8171399999999,0.04721789999999999,[仿真-Python-AAO-default],4445.313999999999,2582.7274339999994,0.15558598999999998,0.581,[真实活动数据],145.25,0.0,36.52,181.77,0.010950000000000001,0.0016600000000000002,0.7470000000000001,4.500000000000001e-05,landfill,3549.0615739999994,0.21379888999999996,0.2207214452797206,0.0001304964679657598,0.7277212243711836,0.051216355706991755,0.0002104781741383223,Direct GHG: [仿真-Python-AAO-default]. Indirect: [真实活动数据]/[估算].
plt_b439c86b,P040,4月,4,18100.0,0.27877399999999997,[估算-回归],854.1389999999999,0.047189999999999996,0.5049899999999999,2.7899999999999997e-05,854.6439899999999,0.04721789999999999,[仿真-Python-AAO-default],5045.809399999999,2931.6152613999993,0.16196769399999997,0.581,[真实活动数据],158.375,0.0,39.82000000000001,198.195,0.01095,0.00181,0.8145,4.5e-05,landfill,3985.2687513999995,0.22018059399999998,0.2143240652716197,0.00012671416446446683,0.7356129396217361,0.04973190325755957,0.00020437768462010784,Direct GHG: [仿真-Python-AAO-default]. Indirect: [真实活动数据]/[估算].
plt_b439c86b,P040,5月,5,24200.0,0.314938,[估算-回归],1141.9979999999998,0.047189999999999996,0.6751799999999999,2.7899999999999997e-05,1142.6731799999998,0.04721789999999999,[仿真-Python-AAO-default],7621.4996,4428.0912676,0.182978978,0.581,[真实活动数据],211.75,0.0,53.24,264.99,0.01095,0.00242,1.089,4.4999999999999996e-05,landfill,5836.843447599999,0.24119187799999997,0.19565335446328752,0.00011567553696812294,0.7586448578504787,0.04539953870254288,0.00018657344672277896,Direct GHG: [仿真-Python-AAO-default]. Indirect: [真实活动数据]/[估算].
plt_b439c86b,P040,6月,6,37200.0,0.241812,[估算-回归],1755.4679999999998,0.047189999999999996,1.03788,2.7899999999999997e-05,1756.50588,0.0472179,[仿真-Python-AAO-default],8995.4064,5226.3311183999995,0.140492772,0.581,[真实活动数据],325.5,0.0,81.84000000000002,407.34000000000003,0.010950000000000001,0.00372,1.6740000000000002,4.5e-05,landfill,7391.850998399999,0.19870567199999997,0.23748692991511586,0.0001404086743935523,0.7070395655338918,0.05510663027273827,0.00022646560386056826,Direct GHG: [仿真-Python-AAO-default]. Indirect: [真实活动数据]/[估算].
plt_5802982a,P041,1月,1,1182000.0,0.5704440000000001,[估算-回归],55778.579999999994,0.047189999999999996,32.977799999999995,2.7899999999999997e-05,55811.557799999995,0.04721789999999999,[仿真-Python-AAO-default],674264.8080000001,391747.85344800004,0.331427964,0.581,[真实活动数据],10342.5,0.0,2600.4,12942.9,0.01095,0.1182,53.19,4.4999999999999996e-05,landfill,460555.5012480001,0.3896408640000001,0.12111152694702984,7.160439927573918e-05,0.8505985758208359,0.02810280186628474,0.00011549096657377289,Direct GHG: [仿真-Python-AAO-default]. Indirect: [真实活动数据]/[估算].
plt_5802982a,P041,2月,2,1139100.0,0.516366,[估算-回归],53754.12899999999,0.047189999999999996,31.780889999999996,2.7899999999999997e-05,53785.909889999995,0.04721789999999999,[仿真-Python-AAO-default],588192.5106,341739.8486586,0.300008646,0.581,[真实活动数据],9967.125,0.0,2506.0200000000004,12473.145,0.01095,0.11391000000000001,51.25950000000001,4.500000000000001e-05,landfill,408050.1630486,0.358221546,0.13173411964449505,7.788476240901488e-05,0.8374946994394357,0.030567675569129503,0.0001256205845306692,Direct GHG: [仿真-Python-AAO-default]. Indirect: [真实活动数据]/[估算].
plt_5802982a,P041,3月,3,1408800.0,0.561898,[估算-回归],66481.272,0.047189999999999996,39.305519999999994,2.7899999999999997e-05,66520.57751999999,0.04721789999999999,[仿真-Python-AAO-default],791601.9024,459920.7052944,0.326462738,0.581,[真实活动数据],12327.0,0.0,3099.36,15426.36,0.01095,0.14088,63.39600000000001,4.5e-05,landfill,541931.0388144,0.384675638,0.1226747819158748,7.252863775064435e-05,0.8486701671500185,0.02846554062256472,0.00011698167379136188,Direct GHG: [仿真-Python-AAO-default]. Indirect: [真实活动数据]/[估算].
plt_5802982a,P041,4月,4,1279800.0,0.516244,[估算-回归],60393.761999999995,0.047189999999999996,35.706419999999994,2.7899999999999997e-05,60429.46842,0.0472179,[仿真-Python-AAO-default],660689.0712,383860.3503672,0.299937764,0.581,[真实活动数据],11198.25,0.0,2815.56,14013.81,0.01095,0.12798,57.591,4.5e-05,landfill,458361.2197872,0.358150664,0.1317601912920089,7.790017666978274e-05,0.8374625378329607,0.030573725252119037,0.00012564544624158507,Direct GHG: [仿真-Python-AAO-default]. Indirect: [真实活动数据]/[估算].
plt_5802982a,P041,5月,5,1476000.0,0.481896,[估算-回归],69652.43999999999,0.047189999999999996,41.1804,2.7899999999999997e-05,69693.62039999999,0.04721789999999999,[仿真-Python-AAO-default],711278.496,413252.806176,0.279981576,0.581,[真实活动数据],12915.0,0.0,3247.2000000000003,16162.2,0.01095,0.14759999999999998,66.41999999999999,4.499999999999999e-05,landfill,499175.04657599994,0.33819447599999997,0.13953509991688923,8.249691222041131e-05,0.8278715232474703,0.03237782038758079,0.00013305953583937308,Direct GHG: [仿真-Python-AAO-default]. Indirect: [真实活动数据]/[估算].
plt_5802982a,P041,6月,6,1726900.0,0.43163399999999996,[估算-回归],81492.411,0.047189999999999996,48.18051,2.7899999999999997e-05,81540.59151,0.0472179,[仿真-Python-AAO-default],745388.7546,433070.86642259994,0.25077935399999995,0.581,[真实活动数据],15110.374999999998,0.0,3799.1800000000003,18909.555,0.01095,0.17269,77.7105,4.4999999999999996e-05,landfill,533598.7234326,0.308992254,0.15272227503800143,9.029352561051578e-05,0.8116040151608459,0.03543778155681534,0.00014563471872663835,Direct GHG: [仿真-Python-AAO-default]. Indirect: [真实活动数据]/[估算].
plt_1f3231fe,P042,1月,1,2001500.0,0.640048,[估算-回归],94450.78499999999,0.047189999999999996,55.841849999999994,2.7899999999999997e-05,94506.62684999999,0.04721789999999999,[仿真-Python-AAO-default],1281056.072,744293.5778319999,0.3718678879999999,0.581,[真实活动数据],17513.125,0.0,4403.3,21916.425,0.01095,0.20015,90.0675,4.4999999999999996e-05,landfill,860806.6971819999,0.43008078799999994,0.10972357128400723,6.487153292697185e-05,0.8646465928629203,0.02546033281542444,0.00010463150472092235,Direct GHG: [仿真-Python-AAO-default]. Indirect: [真实活动数据]/[估算].
plt_1f3231fe,P042,2月,2,988199.9999999999,0.630698,[估算-回归],46633.15799999999,0.047189999999999996,27.570779999999996,2.7899999999999997e-05,46660.72877999999,0.04721789999999999,[仿真-Python-AAO-default],623255.7636,362111.59865159995,0.366435538,0.581,[真实活动数据],8646.75,0.0,2174.04,10820.79,0.010950000000000001,0.09881999999999999,44.468999999999994,4.4999999999999996e-05,landfill,419637.5864315999,0.42464843799999996,0.11112721907621852,6.570140733686156e-05,0.8629150732917568,0.025786036212854274,0.00010597001183364767,Direct GHG: [仿真-Python-AAO-default]. Indirect: [真实活动数据]/[估算].
plt_1f3231fe,P042,3月,3,2614500.0,0.5995,[估算-回归],123378.25499999999,0.047189999999999996,72.94454999999999,2.7899999999999997e-05,123451.19954999999,0.04721789999999999,[仿真-Python-AAO-default],1567392.75,910655.1877499999,0.3483095,0.581,[真实活动数据],22876.875,0.0,5751.900000000001,28628.775,0.010950000000000001,0.26145,117.6525,4.5e-05,landfill,1062852.8148,0.4065224,0.11608216423006455,6.86309044716847e-05,0.8568027247699018,0.026935785088349377,0.00011069500721239469,Direct GHG: [仿真-Python-AAO-default]. Indirect: [真实活动数据]/[估算].
plt_1f3231fe,P042,4月,4,2818800.0,0.567668,[估算-回归],133019.172,0.047189999999999996,78.64451999999999,2.7899999999999997e-05,133097.81652,0.0472179,[仿真-Python-AAO-default],1600142.5583999997,929682.8264303998,0.3298151079999999,0.581,[真实活动数据],24664.5,0.0,6201.360000000001,30865.86,0.01095,0.28188,126.84600000000002,4.500000000000001e-05,landfill,1093773.3489503998,0.3880280079999999,0.12161493249734696,7.190202620631447e-05,0.8499775820306249,0.028219612435811597,0.00011597101001018466,Direct GHG: [仿真-Python-AAO-default]. Indirect: [真实活动数据]/[估算].
plt_1f3231fe,P042,5月,5,4064000.0,0.48239,[估算-回归],191780.15999999997,0.047189999999999996,113.38559999999998,2.7899999999999997e-05,191893.54559999998,0.04721789999999999,[仿真-Python-AAO-default],1960432.96,1139011.5497599998,0.28026859,0.581,[真实活动数据],35560.0,0.0,8940.800000000001,44500.8,0.010950000000000001,0.40640000000000004,182.88000000000002,4.5e-05,landfill,1375588.7753599999,0.33848148999999994,0.13941678169757524,8.242695929990145e-05,0.828017478887841,0.03235036574673552,0.00013294670854822817,Direct GHG: [仿真-Python-AAO-default]. Indirect: [真实活动数据]/[估算].
plt_1f3231fe,P042,6月,6,4210700.0,0.459198,[估算-回归],198702.933,0.047189999999999996,117.47852999999999,2.7899999999999997e-05,198820.41152999998,0.04721789999999999,[仿真-Python-AAO-default],1933545.0186,1123389.6558065999,0.26679403799999996,0.581,[真实活动数据],36843.625,0.0,9263.54,46107.165,0.01095,0.42107,189.4815,4.5e-05,landfill,1368506.7138365998,0.32500693799999997,0.14519690038124664,8.584432126799706e-05,0.820887208260151,0.03369158845464401,0.00013845858269031787,Direct GHG: [仿真-Python-AAO-default]. Indirect: [真实活动数据]/[估算].
plt_4b377728,P043,1月,1,795000.0,0.561064,[估算-回归],37516.049999999996,0.047189999999999996,22.1805,2.7899999999999997e-05,37538.2305,0.0472179,[仿真-Python-AAO-default],446045.88,259152.65628,0.325978184,0.581,[真实活动数据],6956.25,0.0,1749.0000000000002,8705.25,0.01095,0.0795,35.775,4.4999999999999996e-05,landfill,305431.91178,0.384191084,0.12282950324792022,7.262011317264197e-05,0.8484793051574304,0.028501442266682064,0.00011712921479458382,Direct GHG: [仿真-Python-AAO-default]. Indirect: [真实活动数据]/[估算].
plt_4b377728,P043,2月,2,674100.0,0.516208,[估算-回归],31810.779,0.047189999999999996,18.807389999999998,2.7899999999999997e-05,31829.58639,0.0472179,[仿真-Python-AAO-default],347975.8128,202173.94723679998,0.29991684799999996,0.581,[真实活动数据],5898.375,0.0,1483.0200000000002,7381.395,0.010950000000000001,0.06741,30.334500000000002,4.5e-05,landfill,241415.26312679998,0.35812974799999997,0.1317678865370324,7.790472630606491e-05,0.8374530450902392,0.03057551086205774,0.00012565278436462086,Direct GHG: [仿真-Python-AAO-default]. Indirect: [真实活动数据]/[估算].
plt_4b377728,P043,3月,3,972300.0,0.491152,[估算-回归],45882.837,0.047189999999999996,27.127169999999996,2.7899999999999997e-05,45909.96417,0.0472179,[仿真-Python-AAO-default],477547.0896,277454.85905759997,0.285359312,0.581,[真实活动数据],8507.625,0.0,2139.0600000000004,10646.685000000001,0.010950000000000001,0.09723000000000001,43.75350000000001,4.500000000000001e-05,landfill,334055.26172759995,0.34357221199999993,0.137351038156718,8.120563603671184e-05,0.8305657501777239,0.031871029197204116,0.0001309768323172772,Direct GHG: [仿真-Python-AAO-default]. Indirect: [真实活动数据]/[估算].
plt_4b377728,P043,4月,4,1117200.0,0.476364,[估算-回归],52720.668,0.047189999999999996,31.169879999999996,2.7899999999999997e-05,52751.83788,0.0472179,[仿真-Python-AAO-default],532193.8608,309204.6331248,0.276767484,0.581,[真实活动数据],9775.5,0.0,2457.84,12233.34,0.01095,0.11172,50.274,4.5e-05,landfill,374240.0850048,0.334980384,0.14087392054574754,8.328845906391938e-05,0.8262199735253751,0.03268848124551675,0.0001343362242966442,Direct GHG: [仿真-Python-AAO-default]. Indirect: [真实活动数据]/[估算].
plt_4b377728,P043,5月,5,1679600.0,0.44819,[估算-回归],79260.324,0.047189999999999996,46.860839999999996,2.7899999999999997e-05,79307.18483999999,0.04721789999999999,[仿真-Python-AAO-default],752779.924,437365.135844,0.26039839,0.581,[真实活动数据],14696.499999999998,0.0,3695.120000000001,18391.62,0.01095,0.16796,75.582,4.4999999999999996e-05,landfill,535139.5226840001,0.31861129000000005,0.14811151230704972,8.756751840149793e-05,0.8172917852346034,0.03436789700703951,0.00014123793290564182,Direct GHG: [仿真-Python-AAO-default]. Indirect: [真实活动数据]/[估算].
plt_4b377728,P043,6月,6,2523600.0,0.398738,[估算-回归],119088.684,0.047189999999999996,70.40844,2.7899999999999997e-05,119159.09244,0.0472179,[仿真-Python-AAO-default],1006255.2167999999,584634.2809607999,0.23166677799999996,0.581,[真实活动数据],22081.5,0.0,5551.92,27633.42,0.01095,0.25236000000000003,113.56200000000001,4.5e-05,landfill,731540.3554008,0.28987967800000003,0.16279168076073272,9.624682969324949e-05,0.7991825422132557,0.037774293374232326,0.0001552368220858863,Direct GHG: [仿真-Python-AAO-default]. Indirect: [真实活动数据]/[估算].
plt_c0aa3f8e,P044,1月,1,997700.0,0.514,[估算-回归],47081.462999999996,0.047189999999999996,27.835829999999998,2.7899999999999997e-05,47109.29883,0.0472179,[仿真-Python-AAO-default],512817.8,297947.1418,0.298634,0.581,[真实活动数据],8729.875,0.0,2194.94,10924.815,0.01095,0.09977000000000001,44.8965,4.5e-05,landfill,356026.15212999994,0.35684689999999997,0.13224158595745122,7.818479017191967e-05,0.8368686963512925,0.030685428400807187,0.00012610450027728982,Direct GHG: [仿真-Python-AAO-default]. Indirect: [真实活动数据]/[估算].
plt_c0aa3f8e,P044,2月,2,1112300.0,0.4458,[估算-回归],52489.437,0.047189999999999996,31.03317,2.7899999999999997e-05,52520.47017,0.0472179,[仿真-Python-AAO-default],495863.33999999997,288096.60053999996,0.25900979999999996,0.581,[真实活动数据],9732.625,0.0,2447.06,12179.685,0.01095,0.11123000000000001,50.05350000000001,4.5e-05,landfill,352846.8092099999,0.3172226999999999,0.1487598460009325,8.795083075706753e-05,0.8164920101871651,0.034518336802505,0.0001418561786404315,Direct GHG: [仿真-Python-AAO-default]. Indirect: [真实活动数据]/[估算].
plt_c0aa3f8e,P044,3月,3,1435400.0,0.45599999999999996,[估算-回归],67736.526,0.047189999999999996,40.04765999999999,2.7899999999999997e-05,67776.57366,0.04721789999999999,[仿真-Python-AAO-default],654542.3999999999,380289.1343999999,0.26493599999999995,0.581,[真实活动数据],12559.75,0.0,3157.8800000000006,15717.630000000001,0.010950000000000001,0.14354000000000003,64.59300000000002,4.500000000000001e-05,landfill,463847.9310599999,0.32314889999999996,0.14603175192612447,8.633790800463811e-05,0.8198573474952259,0.033885307980314965,0.00013925469033006154,Direct GHG: [仿真-Python-AAO-default]. Indirect: [真实活动数据]/[估算].
plt_c0aa3f8e,P044,4月,4,1781699.9999999998,0.4476,[估算-回归],84078.42299999998,0.047189999999999996,49.70942999999999,2.7899999999999997e-05,84128.13242999998,0.0472179,[仿真-Python-AAO-default],797488.9199999999,463341.0625199999,0.2600556,0.581,[真实活动数据],15589.874999999998,0.0,3919.74,19509.614999999998,0.01095,0.17817,80.1765,4.500000000000001e-05,landfill,567058.9864499999,0.31826849999999995,0.14827103530509617,8.76618326978636e-05,0.8170949999764351,0.03440491283303249,0.0001413900527384897,Direct GHG: [仿真-Python-AAO-default]. Indirect: [真实活动数据]/[估算].
plt_c0aa3f8e,P044,5月,5,2217400.0,0.3825,[估算-回归],104639.10599999999,0.047189999999999996,61.86545999999999,2.7899999999999997e-05,104700.97145999999,0.04721789999999999,[仿真-Python-AAO-default],848155.5,492778.3455,0.2222325,0.581,[真实活动数据],19402.25,0.0,4878.280000000001,24280.53,0.01095,0.22174000000000002,99.78300000000002,4.500000000000001e-05,landfill,621859.62996,0.2804454,0.1682680478980935,9.948460555958484e-05,0.7924269750903383,0.0390450333647833,0.0001604590412251369,Direct GHG: [仿真-Python-AAO-default]. Indirect: [真实活动数据]/[估算].
plt_c0aa3f8e,P044,6月,6,2431100.0,0.37270000000000003,[估算-回归],114723.609,0.047189999999999996,67.82768999999999,2.7899999999999997e-05,114791.43669,0.0472179,[仿真-Python-AAO-default],906070.9700000001,526427.23357,0.21653870000000003,0.581,[真实活动数据],21272.125,0.0,5348.42,26620.545,0.01095,0.24311000000000002,109.39950000000002,4.500000000000001e-05,landfill,667948.6147600001,0.27475160000000004,0.17175514173529832,0.00010154626943027808,0.7881253466767799,0.0398541810129586,0.00016378430553270663,Direct GHG: [仿真-Python-AAO-default]. Indirect: [真实活动数据]/[估算].
plt_dbc774b3,P045,1月,1,2180500.0,0.641952,[估算-回归],102897.79499999998,0.047189999999999996,60.83595,2.7899999999999997e-05,102958.63094999998,0.047217899999999986,[仿真-Python-AAO-default],1399776.336,813270.0512159999,0.37297411199999997,0.581,[真实活动数据],19079.375,0.0,4797.1,23876.475,0.01095,0.21805000000000002,98.12250000000002,4.500000000000001e-05,landfill,940203.2796659999,0.431187012,0.1094420719703867,6.470510294498389e-05,0.8649938463359838,0.025395013521418406,0.00010436306926610306,Direct GHG: [仿真-Python-AAO-default]. Indirect: [真实活动数据]/[估算].
plt_dbc774b3,P045,2月,2,1616100.0000000002,0.621638,[估算-回归],76263.759,0.047189999999999996,45.08919,2.7899999999999997e-05,76308.84819,0.04721789999999999,[仿真-Python-AAO-default],1004629.1718000001,583689.5488158,0.36117167799999994,0.581,[真实活动数据],14140.875000000002,0.0,3555.420000000001,17696.295000000002,0.01095,0.16161000000000003,72.7245,4.4999999999999996e-05,landfill,677767.4165058001,0.419384578,0.11252202030185286,6.652605141813297e-05,0.8611944667168947,0.026109686846901653,0.00010730008293247254,Direct GHG: [仿真-Python-AAO-default]. Indirect: [真实活动数据]/[估算].
plt_dbc774b3,P045,3月,3,2268700.0,0.620876,[估算-回归],107059.953,0.047189999999999996,63.29673,2.7899999999999997e-05,107123.24973,0.0472179,[仿真-Python-AAO-default],1408581.3812,818385.7824771999,0.360728956,0.581,[真实活动数据],19851.125,0.0,4991.140000000001,24842.265,0.01095,0.22687000000000002,102.09150000000001,4.5e-05,landfill,950453.3887072,0.418941856,0.11264092934175572,6.659635364770046e-05,0.8610477822488092,0.02613727858216201,0.00010741347362532334,Direct GHG: [仿真-Python-AAO-default]. Indirect: [真实活动数据]/[估算].
plt_dbc774b3,P045,4月,4,2470900.0,0.599176,[估算-回归],116601.771,0.047189999999999996,68.93811,2.7899999999999997e-05,116670.70911,0.0472179,[仿真-Python-AAO-default],1480503.9784000001,860172.8114504,0.348121256,0.581,[真实活动数据],21620.375,0.0,5435.9800000000005,27056.355,0.01095,0.24709,111.1905,4.5e-05,landfill,1004011.0660604001,0.40633415600000006,0.11613594206439291,6.86626993769138e-05,0.8567363852129625,0.026948263733950043,0.00011074628931760292,Direct GHG: [仿真-Python-AAO-default]. Indirect: [真实活动数据]/[估算].
plt_dbc774b3,P045,5月,5,2959800.0,0.538572,[估算-回归],139672.962,0.047189999999999996,82.57842,2.7899999999999997e-05,139755.54042,0.0472179,[仿真-Python-AAO-default],1594065.4056000002,926152.0006536001,0.312910332,0.581,[真实活动数据],25898.25,0.0,6511.560000000001,32409.81,0.01095,0.29598,133.191,4.5e-05,landfill,1098450.5420736002,0.3711232320000001,0.12715452963073998,7.517718535066e-05,0.8431440153010954,0.029505024358054733,0.00012125352475912904,Direct GHG: [仿真-Python-AAO-default]. Indirect: [真实活动数据]/[估算].
plt_dbc774b3,P045,6月,6,2977100.0,0.508966,[估算-回归],140489.349,0.047189999999999996,83.06109,2.7899999999999997e-05,140572.41009,0.0472179,[仿真-Python-AAO-default],1515242.6786,880355.9962666,0.295709246,0.581,[真实活动数据],26049.625,0.0,6549.62,32599.245,0.01095,0.29771000000000003,133.9695,4.5e-05,landfill,1053661.6208565999,0.35392214599999994,0.13333440852271505,7.883089632938652e-05,0.835520606274805,0.03093900769916783,0.0001271466069828815,Direct GHG: [仿真-Python-AAO-default]. Indirect: [真实活动数据]/[估算].
plt_1cc675b5,P046,1月,1,526000.0,0.308382,[估算-回归],24821.94,0.047189999999999996,14.675399999999998,2.7899999999999997e-05,24836.6154,0.0472179,[仿真-Python-AAO-default],162208.932,94243.38949199999,0.17916994199999997,0.581,[真实活动数据],4602.5,0.0,1157.2,5759.7,0.01095,0.0526,23.67,4.5e-05,landfill,124863.37489199998,0.23738284199999996,0.1987928007029253,0.00011753166220834108,0.7547720824742675,0.046128017963488706,0.00018956719711022758,Direct GHG: [仿真-Python-AAO-default]. Indirect: [真实活动数据]/[估算].
plt_1cc675b5,P046,2月,2,388000.0,0.317788,[估算-回归],18309.719999999998,0.047189999999999996,10.825199999999999,2.7899999999999997e-05,18320.545199999997,0.04721789999999999,[仿真-Python-AAO-default],123301.744,71638.313264,0.184634828,0.581,[真实活动数据],3395.0,0.0,853.6,4248.6,0.010950000000000001,0.0388,17.46,4.5e-05,landfill,94224.918464,0.242847728,0.1943192978935343,0.00011488680676477235,0.7602905306983148,0.0450899833001526,0.00018530130123350382,Direct GHG: [仿真-Python-AAO-default]. Indirect: [真实活动数据]/[估算].
plt_1cc675b5,P046,3月,3,682700.0,0.33210999999999996,[估算-回归],32216.612999999998,0.047189999999999996,19.04733,2.7899999999999997e-05,32235.66033,0.0472179,[仿真-Python-AAO-default],226731.49699999997,131730.99975699998,0.19295590999999998,0.581,[真实活动数据],5973.625,0.0,1501.9400000000003,7475.5650000000005,0.010950000000000001,0.06827000000000001,30.721500000000006,4.500000000000001e-05,landfill,171472.946587,0.25116881,0.18788160838919446,0.00011108067120276596,0.7682319711591578,0.043596177407537184,0.0001791623729076871,Direct GHG: [仿真-Python-AAO-default]. Indirect: [真实活动数据]/[估算].
plt_1cc675b5,P046,4月,4,863000.0,0.335042,[估算-回归],40724.969999999994,0.047189999999999996,24.077699999999997,2.7899999999999997e-05,40749.047699999996,0.04721789999999999,[仿真-Python-AAO-default],289141.246,167991.06392599997,0.19465940199999998,0.581,[真实活动数据],7551.249999999999,0.0,1898.6000000000001,9449.849999999999,0.010949999999999998,0.0863,38.835,4.5e-05,landfill,218228.79662599997,0.25287230199999994,0.1866159307554372,0.00011033236846952104,0.7697932927426745,0.043302488700403416,0.00017795543301535652,Direct GHG: [仿真-Python-AAO-default]. Indirect: [真实活动数据]/[估算].
plt_1cc675b5,P046,5月,5,1039500.0,0.307318,[估算-回归],49054.005,0.047189999999999996,29.002049999999997,2.7899999999999997e-05,49083.00705,0.0472179,[仿真-Python-AAO-default],319457.061,185604.55244099998,0.17855175799999998,0.581,[真实活动数据],9095.625,0.0,2286.9,11382.525,0.01095,0.10395,46.777499999999996,4.4999999999999996e-05,landfill,246116.86199099995,0.23676465799999996,0.1993118415502706,0.00011783853314796671,0.75413180120827,0.04624845655807296,0.000190062150238656,Direct GHG: [仿真-Python-AAO-default]. Indirect: [真实活动数据]/[估算].
plt_1cc675b5,P046,6月,6,1231700.0,0.274016,[估算-回归],58123.922999999995,0.047189999999999996,34.36443,2.7899999999999997e-05,58158.28743,0.0472179,[仿真-Python-AAO-default],337505.5072,196090.6996832,0.159203296,0.581,[真实活动数据],10777.375,0.0,2709.7400000000002,13487.115,0.01095,0.12317,55.426500000000004,4.5e-05,landfill,267791.5286132,0.217416196,0.2170491475253297,0.00012832530654707986,0.7322513176525266,0.050364233214714144,0.0002069763008823869,Direct GHG: [仿真-Python-AAO-default]. Indirect: [真实活动数据]/[估算].
