月份,处理水量(万m³),用电量(万kWh),Scope1(tCO₂),Scope2(tCO₂),Scope3(tCO₂),合计(tCO₂),单位碳排(kgCO₂/m³)
2025.10,20105.93,7077.207171999999,27555.9,37304.0,31700.0,96559.9,0.4895
2025.11,17505.89,6930.28476,23190.8,36529.5,31360.8,91081.2,0.5132
2025.12,17670.66,7221.4101120000005,21014.0,38064.1,30315.4,89393.5,0.5156
2026.01,17181.59,7193.867402,19877.1,37918.9,31918.6,89714.6,0.5322
2026.02,12534.88,5639.403,15843.7,29725.3,25333.3,70902.3,0.5207
2026.03,18301.28,7312.354240000001,22077.5,38543.4,30042.7,90663.6,0.5049
